{"training_loss": 0.08951627463102341, "training_accuracy": 0.9928571428571429, "validation_loss": 0.8802042603492737, "validation_accuracy": 0.764, "epoch": 200, "_timestamp": 1687314791.059883, "_runtime": 4.973393201828003, "_step": 200, "test_loss": 0.7267648577690125, "test_accuracy": 0.776, "_wandb": {"runtime": 4}}