{"training_loss": 0.034397196024656296, "training_accuracy": 1.0, "validation_loss": 0.8932318687438965, "validation_accuracy": 0.764, "epoch": 200, "_timestamp": 1687312994.446526, "_runtime": 9.036009073257446, "_step": 200, "test_loss": 0.8294756412506104, "test_accuracy": 0.787, "_wandb": {"runtime": 8}}