{"training_loss": 0.1113118976354599, "training_accuracy": 1.0, "validation_loss": 0.78673255443573, "validation_accuracy": 0.752, "epoch": 200, "_timestamp": 1687318495.563798, "_runtime": 7.0105979442596436, "_step": 200, "test_loss": 0.7226738929748535, "test_accuracy": 0.768, "_wandb": {"runtime": 6}}