{"training_loss": 0.2656266987323761, "training_accuracy": 0.9357142857142857, "validation_loss": 1.12944495677948, "validation_accuracy": 0.68, "epoch": 200, "_timestamp": 1687298431.043953, "_runtime": 9.626384973526001, "_step": 200, "test_loss": 0.9885101318359375, "test_accuracy": 0.699, "_wandb": {"runtime": 9}}