{"training_loss": 0.19643686711788177, "training_accuracy": 0.9642857142857143, "validation_loss": 0.9930694103240967, "validation_accuracy": 0.664, "epoch": 200, "_timestamp": 1687316880.076712, "_runtime": 5.2219109535217285, "_step": 200, "test_loss": 0.9105936288833618, "test_accuracy": 0.696, "_wandb": {"runtime": 4}}