{"training_loss": 1.9556063413619995, "training_accuracy": 0.14285714285714285, "validation_loss": 1.9048746824264526, "validation_accuracy": 0.316, "epoch": 0, "_timestamp": 1687294856.853884, "_runtime": 0.5713300704956055, "_step": 1, "test_loss": 1.9035959243774414, "test_accuracy": 0.319, "_wandb": {"runtime": 0}}