{"training_loss": 0.10342305898666382, "training_accuracy": 0.9928571428571429, "validation_loss": 0.9283071160316467, "validation_accuracy": 0.722, "epoch": 200, "_timestamp": 1687316049.392837, "_runtime": 6.256261110305786, "_step": 200, "test_loss": 0.8574475049972534, "test_accuracy": 0.728, "_wandb": {"runtime": 5}}