{"training_loss": 0.7225649952888489, "training_accuracy": 0.7714285714285715, "validation_loss": 1.2297126054763794, "validation_accuracy": 0.56, "epoch": 200, "_timestamp": 1687314423.465857, "_runtime": 4.078055143356323, "_step": 200, "test_loss": 1.1780788898468018, "test_accuracy": 0.591, "_wandb": {"runtime": 3}}