{"training_loss": 0.25334692001342773, "training_accuracy": 0.9214285714285714, "validation_loss": 1.457356572151184, "validation_accuracy": 0.674, "epoch": 200, "_timestamp": 1687313406.020324, "_runtime": 7.243177890777588, "_step": 200, "test_loss": 1.2827239036560059, "test_accuracy": 0.715, "_wandb": {"runtime": 6}}