{"training_loss": 0.05806941166520119, "training_accuracy": 1.0, "validation_loss": 0.7753282189369202, "validation_accuracy": 0.778, "epoch": 200, "_timestamp": 1687308479.954905, "_runtime": 5.699573040008545, "_step": 200, "test_loss": 0.7083510756492615, "test_accuracy": 0.791, "_wandb": {"runtime": 5}}