{"training_loss": 0.05330641195178032, "training_accuracy": 1.0, "validation_loss": 1.0873914957046509, "validation_accuracy": 0.75, "epoch": 200, "_timestamp": 1687312772.1011431, "_runtime": 7.408901214599609, "_step": 200, "test_loss": 0.9284210801124573, "test_accuracy": 0.751, "_wandb": {"runtime": 6}}