{"training_loss": 0.18065722286701202, "training_accuracy": 0.95, "validation_loss": 0.8755995035171509, "validation_accuracy": 0.754, "epoch": 200, "_timestamp": 1687308448.713835, "_runtime": 6.111078977584839, "_step": 200, "test_loss": 0.8006666302680969, "test_accuracy": 0.762, "_wandb": {"runtime": 5}}