{"training_loss": 0.21669109165668488, "training_accuracy": 0.9142857142857143, "validation_loss": 1.0884275436401367, "validation_accuracy": 0.734, "epoch": 200, "_timestamp": 1687314511.930023, "_runtime": 4.507823944091797, "_step": 200, "test_loss": 1.0640488862991333, "test_accuracy": 0.737, "_wandb": {"runtime": 3}}