{"training_loss": 0.06827042251825333, "training_accuracy": 1.0, "validation_loss": 0.8075118660926819, "validation_accuracy": 0.764, "epoch": 200, "_timestamp": 1687318137.217282, "_runtime": 6.294506072998047, "_step": 200, "test_loss": 0.777940034866333, "test_accuracy": 0.771, "_wandb": {"runtime": 5}}