{"training_loss": 0.614176869392395, "training_accuracy": 0.8928571428571429, "validation_loss": 1.2517913579940796, "validation_accuracy": 0.688, "epoch": 200, "_timestamp": 1687298489.1047769, "_runtime": 4.658214807510376, "_step": 200, "test_loss": 1.2050813436508179, "test_accuracy": 0.708, "_wandb": {"runtime": 4}}