{"training_loss": 0.20570407807826996, "training_accuracy": 0.9571428571428572, "validation_loss": 0.8651407957077026, "validation_accuracy": 0.75, "epoch": 200, "_timestamp": 1687316370.546541, "_runtime": 6.4745259284973145, "_step": 200, "test_loss": 0.789133608341217, "test_accuracy": 0.771, "_wandb": {"runtime": 5}}