{"training_loss": 0.14640025794506073, "training_accuracy": 0.9357142857142857, "validation_loss": 2.6200413703918457, "validation_accuracy": 0.686, "epoch": 200, "_timestamp": 1687296406.396939, "_runtime": 6.540362119674683, "_step": 200, "test_loss": 2.0196070671081543, "test_accuracy": 0.691, "_wandb": {"runtime": 6}}