{"training_loss": 0.4793861508369446, "training_accuracy": 0.8642857142857143, "validation_loss": 1.1583647727966309, "validation_accuracy": 0.658, "epoch": 200, "_timestamp": 1687310866.906683, "_runtime": 7.118268013000488, "_step": 200, "test_loss": 1.1269046068191528, "test_accuracy": 0.662, "_wandb": {"runtime": 6}}