{"training_loss": 0.38482093811035156, "training_accuracy": 0.9071428571428571, "validation_loss": 1.016575574874878, "validation_accuracy": 0.728, "epoch": 200, "_timestamp": 1687316921.1645482, "_runtime": 4.558584213256836, "_step": 200, "test_loss": 0.926530122756958, "test_accuracy": 0.728, "_wandb": {"runtime": 3}}