{"training_loss": 0.18437446653842926, "training_accuracy": 0.9357142857142857, "validation_loss": 1.0616739988327026, "validation_accuracy": 0.736, "epoch": 200, "_timestamp": 1687309328.29229, "_runtime": 6.420459985733032, "_step": 200, "test_loss": 1.0632203817367554, "test_accuracy": 0.748, "_wandb": {"runtime": 5}}