{"training_loss": 0.4884869158267975, "training_accuracy": 0.7928571428571428, "validation_loss": 1.7200905084609985, "validation_accuracy": 0.66, "epoch": 200, "_timestamp": 1687296659.09339, "_runtime": 3.6781909465789795, "_step": 200, "test_loss": 1.7071402072906494, "test_accuracy": 0.68, "_wandb": {"runtime": 3}}