{"training_loss": 0.08511184900999069, "training_accuracy": 0.9857142857142858, "validation_loss": 0.9899948239326477, "validation_accuracy": 0.752, "epoch": 200, "_timestamp": 1687308635.246439, "_runtime": 6.945434093475342, "_step": 200, "test_loss": 0.9115462899208069, "test_accuracy": 0.763, "_wandb": {"runtime": 6}}