{"training_loss": 0.06945404410362244, "training_accuracy": 0.9928571428571429, "validation_loss": 0.8244788646697998, "validation_accuracy": 0.752, "epoch": 200, "_timestamp": 1687316258.100151, "_runtime": 7.686175107955933, "_step": 200, "test_loss": 0.8577505350112915, "test_accuracy": 0.761, "_wandb": {"runtime": 7}}