{"training_loss": 0.6481689810752869, "training_accuracy": 0.9214285714285714, "validation_loss": 1.3066960573196411, "validation_accuracy": 0.658, "epoch": 200, "_timestamp": 1687318900.99021, "_runtime": 4.379714012145996, "_step": 200, "test_loss": 1.2543408870697021, "test_accuracy": 0.704, "_wandb": {"runtime": 3}}