{"training_loss": 0.07961168140172958, "training_accuracy": 0.9857142857142858, "validation_loss": 1.1438705921173096, "validation_accuracy": 0.73, "epoch": 200, "_timestamp": 1687315856.037736, "_runtime": 8.44682502746582, "_step": 200, "test_loss": 0.9603759050369263, "test_accuracy": 0.738, "_wandb": {"runtime": 7}}