{"training_loss": 0.1526598334312439, "training_accuracy": 0.9785714285714285, "validation_loss": 1.074699878692627, "validation_accuracy": 0.73, "epoch": 200, "_timestamp": 1687312525.2832398, "_runtime": 5.161005735397339, "_step": 200, "test_loss": 0.9777934551239014, "test_accuracy": 0.745, "_wandb": {"runtime": 4}}