{"training_loss": 0.5306158661842346, "training_accuracy": 0.7571428571428571, "validation_loss": 1.8341983556747437, "validation_accuracy": 0.624, "epoch": 200, "_timestamp": 1687308062.234986, "_runtime": 5.99334716796875, "_step": 200, "test_loss": 1.4933537244796753, "test_accuracy": 0.655, "_wandb": {"runtime": 5}}