{"training_loss": 0.05818503350019455, "training_accuracy": 0.9857142857142858, "validation_loss": 0.9591812491416931, "validation_accuracy": 0.748, "epoch": 200, "_timestamp": 1687296437.900768, "_runtime": 7.887599945068359, "_step": 200, "test_loss": 0.9356182813644409, "test_accuracy": 0.764, "_wandb": {"runtime": 7}}