{"training_loss": 0.06141509488224983, "training_accuracy": 0.9857142857142858, "validation_loss": 1.2757750749588013, "validation_accuracy": 0.732, "epoch": 200, "_timestamp": 1687309744.579263, "_runtime": 5.671205043792725, "_step": 200, "test_loss": 1.0094468593597412, "test_accuracy": 0.748, "_wandb": {"runtime": 5}}