{"training_loss": 0.07029139995574951, "training_accuracy": 0.9785714285714285, "validation_loss": 1.710939884185791, "validation_accuracy": 0.742, "epoch": 200, "_timestamp": 1687318961.1803148, "_runtime": 6.886828660964966, "_step": 200, "test_loss": 1.2264994382858276, "test_accuracy": 0.782, "_wandb": {"runtime": 6}}