{"training_loss": 0.0433727391064167, "training_accuracy": 0.9928571428571429, "validation_loss": 0.8777329921722412, "validation_accuracy": 0.754, "epoch": 200, "_timestamp": 1687317280.676849, "_runtime": 8.328000783920288, "_step": 200, "test_loss": 0.7682594060897827, "test_accuracy": 0.779, "_wandb": {"runtime": 7}}