{"training_loss": 0.32873162627220154, "training_accuracy": 0.9428571428571428, "validation_loss": 0.8826090693473816, "validation_accuracy": 0.754, "epoch": 200, "_timestamp": 1687315757.0152588, "_runtime": 9.046486854553223, "_step": 200, "test_loss": 0.8475501537322998, "test_accuracy": 0.764, "_wandb": {"runtime": 8}}