{"training_loss": 0.2833808660507202, "training_accuracy": 0.9785714285714285, "validation_loss": 1.1772215366363525, "validation_accuracy": 0.64, "epoch": 200, "_timestamp": 1687313689.4298759, "_runtime": 5.561508893966675, "_step": 200, "test_loss": 1.122529149055481, "test_accuracy": 0.667, "_wandb": {"runtime": 5}}