{"training_loss": 0.21723194420337677, "training_accuracy": 0.95, "validation_loss": 1.3883702754974365, "validation_accuracy": 0.634, "epoch": 200, "_timestamp": 1687313485.123567, "_runtime": 7.69268798828125, "_step": 200, "test_loss": 1.3713711500167847, "test_accuracy": 0.658, "_wandb": {"runtime": 7}}