{"training_loss": 0.15567103028297424, "training_accuracy": 0.9428571428571428, "validation_loss": 1.6291545629501343, "validation_accuracy": 0.704, "epoch": 200, "_timestamp": 1687317127.514585, "_runtime": 6.033670902252197, "_step": 200, "test_loss": 1.2444665431976318, "test_accuracy": 0.744, "_wandb": {"runtime": 5}}