{"training_loss": 0.07345590740442276, "training_accuracy": 0.9785714285714285, "validation_loss": 0.9359209537506104, "validation_accuracy": 0.77, "epoch": 200, "_timestamp": 1687296527.581811, "_runtime": 5.240646839141846, "_step": 200, "test_loss": 0.886979877948761, "test_accuracy": 0.777, "_wandb": {"runtime": 4}}