{"training_loss": 0.08722451329231262, "training_accuracy": 0.9785714285714285, "validation_loss": 0.8741862177848816, "validation_accuracy": 0.73, "epoch": 200, "_timestamp": 1687297958.0519319, "_runtime": 5.482100963592529, "_step": 200, "test_loss": 0.8561952710151672, "test_accuracy": 0.739, "_wandb": {"runtime": 4}}