{"training_loss": 0.050514284521341324, "training_accuracy": 1.0, "validation_loss": 1.177370548248291, "validation_accuracy": 0.724, "epoch": 200, "_timestamp": 1687316096.535618, "_runtime": 6.08695912361145, "_step": 200, "test_loss": 1.1257176399230957, "test_accuracy": 0.733, "_wandb": {"runtime": 5}}