{"training_loss": 0.09172676503658295, "training_accuracy": 0.9714285714285714, "validation_loss": 1.0037531852722168, "validation_accuracy": 0.728, "epoch": 200, "_timestamp": 1687318170.037365, "_runtime": 7.6521289348602295, "_step": 200, "test_loss": 0.987413227558136, "test_accuracy": 0.744, "_wandb": {"runtime": 7}}