{"training_loss": 0.14008887112140656, "training_accuracy": 0.9714285714285714, "validation_loss": 0.8804361820220947, "validation_accuracy": 0.73, "epoch": 200, "_timestamp": 1687310903.563055, "_runtime": 6.220031976699829, "_step": 200, "test_loss": 0.7860594391822815, "test_accuracy": 0.745, "_wandb": {"runtime": 5}}