{"training_loss": 0.1859232783317566, "training_accuracy": 0.9357142857142857, "validation_loss": 1.3910398483276367, "validation_accuracy": 0.722, "epoch": 200, "_timestamp": 1687295133.648458, "_runtime": 4.7377660274505615, "_step": 200, "test_loss": 1.0733041763305664, "test_accuracy": 0.748, "_wandb": {"runtime": 4}}