{"training_loss": 0.45572200417518616, "training_accuracy": 0.85, "validation_loss": 1.34450101852417, "validation_accuracy": 0.7, "epoch": 200, "_timestamp": 1687297633.8452961, "_runtime": 5.324373245239258, "_step": 200, "test_loss": 1.1286262273788452, "test_accuracy": 0.729, "_wandb": {"runtime": 4}}