{"training_loss": 0.08633928745985031, "training_accuracy": 0.9785714285714285, "validation_loss": 1.7698094844818115, "validation_accuracy": 0.72, "epoch": 200, "_timestamp": 1687298768.6413162, "_runtime": 5.869760274887085, "_step": 200, "test_loss": 1.4634249210357666, "test_accuracy": 0.74, "_wandb": {"runtime": 5}}