{"training_loss": 0.1382567584514618, "training_accuracy": 0.9642857142857143, "validation_loss": 2.27321720123291, "validation_accuracy": 0.74, "epoch": 200, "_timestamp": 1687308026.1483781, "_runtime": 6.742808103561401, "_step": 200, "test_loss": 1.6503162384033203, "test_accuracy": 0.74, "_wandb": {"runtime": 5}}