{"training_loss": 0.14685633778572083, "training_accuracy": 0.9785714285714285, "validation_loss": 1.2387961149215698, "validation_accuracy": 0.736, "epoch": 200, "_timestamp": 1687309764.447721, "_runtime": 4.581310033798218, "_step": 200, "test_loss": 1.0555869340896606, "test_accuracy": 0.744, "_wandb": {"runtime": 3}}