{"training_loss": 0.6490252614021301, "training_accuracy": 0.8214285714285714, "validation_loss": 1.0655601024627686, "validation_accuracy": 0.682, "epoch": 200, "_timestamp": 1687298400.641284, "_runtime": 5.428087949752808, "_step": 200, "test_loss": 1.0690983533859253, "test_accuracy": 0.671, "_wandb": {"runtime": 4}}