{"training_loss": 0.3348853588104248, "training_accuracy": 0.9142857142857143, "validation_loss": 1.2334946393966675, "validation_accuracy": 0.69, "epoch": 200, "_timestamp": 1687314703.2975528, "_runtime": 5.182528734207153, "_step": 200, "test_loss": 1.1538251638412476, "test_accuracy": 0.684, "_wandb": {"runtime": 4}}