{"training_loss": 0.0714779645204544, "training_accuracy": 0.9785714285714285, "validation_loss": 1.1660813093185425, "validation_accuracy": 0.718, "epoch": 200, "_timestamp": 1687318889.119287, "_runtime": 7.599143028259277, "_step": 200, "test_loss": 1.0280793905258179, "test_accuracy": 0.747, "_wandb": {"runtime": 7}}