{"training_loss": 1.953832983970642, "training_accuracy": 0.14285714285714285, "validation_loss": 1.9805964231491089, "validation_accuracy": 0.162, "epoch": 0, "_timestamp": 1687294845.906934, "_runtime": 0.47550511360168457, "_step": 1, "test_loss": 1.9831645488739014, "test_accuracy": 0.149, "_wandb": {"runtime": 0}}