{"training_loss": 1.546398639678955, "training_accuracy": 0.8214285714285714, "validation_loss": 1.820942997932434, "validation_accuracy": 0.546, "epoch": 200, "_timestamp": 1687312083.54664, "_runtime": 6.04708194732666, "_step": 200, "test_loss": 1.8157120943069458, "test_accuracy": 0.571, "_wandb": {"runtime": 5}}