{"training_loss": 0.3177264928817749, "training_accuracy": 0.8928571428571429, "validation_loss": 0.9839246869087219, "validation_accuracy": 0.746, "epoch": 200, "_timestamp": 1687319305.2956018, "_runtime": 4.870999813079834, "_step": 200, "test_loss": 0.8385371565818787, "test_accuracy": 0.766, "_wandb": {"runtime": 4}}