{"training_loss": 0.2297026813030243, "training_accuracy": 0.95, "validation_loss": 1.7419829368591309, "validation_accuracy": 0.666, "epoch": 200, "_timestamp": 1687296938.155663, "_runtime": 5.853166103363037, "_step": 200, "test_loss": 1.6323840618133545, "test_accuracy": 0.662, "_wandb": {"runtime": 5}}