{"training_loss": 0.080162912607193, "training_accuracy": 0.9928571428571429, "validation_loss": 0.8172917366027832, "validation_accuracy": 0.752, "epoch": 200, "_timestamp": 1687312475.774215, "_runtime": 7.230380058288574, "_step": 200, "test_loss": 0.7996121048927307, "test_accuracy": 0.757, "_wandb": {"runtime": 6}}