{"training_loss": 0.24856051802635193, "training_accuracy": 0.9428571428571428, "validation_loss": 0.900139331817627, "validation_accuracy": 0.756, "epoch": 200, "_timestamp": 1687317219.8095732, "_runtime": 6.166348218917847, "_step": 200, "test_loss": 0.8371650576591492, "test_accuracy": 0.758, "_wandb": {"runtime": 5}}