{"training_loss": 0.10290099680423737, "training_accuracy": 0.9928571428571429, "validation_loss": 1.0403002500534058, "validation_accuracy": 0.672, "epoch": 200, "_timestamp": 1687311546.56621, "_runtime": 7.785556077957153, "_step": 200, "test_loss": 0.9487448334693909, "test_accuracy": 0.707, "_wandb": {"runtime": 7}}