{"training_loss": 0.29971495270729065, "training_accuracy": 0.9571428571428572, "validation_loss": 1.01036536693573, "validation_accuracy": 0.696, "epoch": 200, "_timestamp": 1687297653.887363, "_runtime": 4.81683087348938, "_step": 200, "test_loss": 0.9598438143730164, "test_accuracy": 0.734, "_wandb": {"runtime": 4}}