{"training_loss": 0.05165296792984009, "training_accuracy": 0.9928571428571429, "validation_loss": 1.128896713256836, "validation_accuracy": 0.75, "epoch": 200, "_timestamp": 1687311041.323085, "_runtime": 8.317909002304077, "_step": 200, "test_loss": 1.069296956062317, "test_accuracy": 0.759, "_wandb": {"runtime": 7}}