{"training_loss": 0.32649168372154236, "training_accuracy": 0.9714285714285714, "validation_loss": 1.1628092527389526, "validation_accuracy": 0.676, "epoch": 200, "_timestamp": 1687296393.516717, "_runtime": 4.699676990509033, "_step": 200, "test_loss": 1.1228238344192505, "test_accuracy": 0.705, "_wandb": {"runtime": 4}}