{"training_loss": 0.525149941444397, "training_accuracy": 0.8357142857142857, "validation_loss": 1.7763222455978394, "validation_accuracy": 0.594, "epoch": 200, "_timestamp": 1687308665.652843, "_runtime": 5.888442039489746, "_step": 200, "test_loss": 1.772615909576416, "test_accuracy": 0.625, "_wandb": {"runtime": 5}}