{"training_loss": 0.20515288412570953, "training_accuracy": 0.9428571428571428, "validation_loss": 0.9185560941696167, "validation_accuracy": 0.738, "epoch": 200, "_timestamp": 1687313703.647466, "_runtime": 5.537655830383301, "_step": 200, "test_loss": 0.913077175617218, "test_accuracy": 0.758, "_wandb": {"runtime": 4}}