{"training_loss": 0.5962818264961243, "training_accuracy": 0.75, "validation_loss": 1.8963463306427002, "validation_accuracy": 0.598, "epoch": 200, "_timestamp": 1687297665.4268138, "_runtime": 5.662575721740723, "_step": 200, "test_loss": 1.8296518325805664, "test_accuracy": 0.583, "_wandb": {"runtime": 5}}