{"training_loss": 0.06592186540365219, "training_accuracy": 1.0, "validation_loss": 1.2469682693481445, "validation_accuracy": 0.704, "epoch": 200, "_timestamp": 1687317765.059809, "_runtime": 8.051389932632446, "_step": 200, "test_loss": 1.0584099292755127, "test_accuracy": 0.744, "_wandb": {"runtime": 7}}