{"training_loss": 0.3801649510860443, "training_accuracy": 0.8857142857142857, "validation_loss": 1.5507640838623047, "validation_accuracy": 0.622, "epoch": 200, "_timestamp": 1687307926.0669801, "_runtime": 9.203978061676025, "_step": 200, "test_loss": 1.5855103731155396, "test_accuracy": 0.704, "_wandb": {"runtime": 3}}