{"training_loss": 0.269174188375473, "training_accuracy": 0.9571428571428572, "validation_loss": 1.129331111907959, "validation_accuracy": 0.708, "epoch": 200, "_timestamp": 1687311168.962188, "_runtime": 5.7600250244140625, "_step": 200, "test_loss": 1.0414516925811768, "test_accuracy": 0.716, "_wandb": {"runtime": 5}}