{"training_loss": 0.237116739153862, "training_accuracy": 0.9285714285714286, "validation_loss": 0.8401297330856323, "validation_accuracy": 0.748, "epoch": 200, "_timestamp": 1687295791.587639, "_runtime": 4.750281095504761, "_step": 200, "test_loss": 0.8189177513122559, "test_accuracy": 0.748, "_wandb": {"runtime": 4}}