{"training_loss": 0.3437337279319763, "training_accuracy": 0.8642857142857143, "validation_loss": 1.40584135055542, "validation_accuracy": 0.696, "epoch": 200, "_timestamp": 1687320155.302211, "_runtime": 5.867709159851074, "_step": 200, "test_loss": 1.1118699312210083, "test_accuracy": 0.707, "_wandb": {"runtime": 5}}