{"training_loss": 0.38471171259880066, "training_accuracy": 0.9285714285714286, "validation_loss": 0.8564373850822449, "validation_accuracy": 0.76, "epoch": 200, "_timestamp": 1687315947.659919, "_runtime": 5.230633974075317, "_step": 200, "test_loss": 0.8163115978240967, "test_accuracy": 0.767, "_wandb": {"runtime": 4}}