{"training_loss": 0.10799900442361832, "training_accuracy": 0.9785714285714285, "validation_loss": 1.507236361503601, "validation_accuracy": 0.698, "epoch": 200, "_timestamp": 1687307979.473995, "_runtime": 6.7863428592681885, "_step": 200, "test_loss": 1.4186458587646484, "test_accuracy": 0.685, "_wandb": {"runtime": 5}}