{"training_loss": 0.07132811844348907, "training_accuracy": 0.9928571428571429, "validation_loss": 0.9528244733810425, "validation_accuracy": 0.748, "epoch": 200, "_timestamp": 1687318463.0301828, "_runtime": 5.99468994140625, "_step": 200, "test_loss": 0.870339035987854, "test_accuracy": 0.764, "_wandb": {"runtime": 5}}