{"training_loss": 0.191926047205925, "training_accuracy": 0.95, "validation_loss": 1.5761840343475342, "validation_accuracy": 0.678, "epoch": 200, "_timestamp": 1687311256.587981, "_runtime": 5.014932870864868, "_step": 200, "test_loss": 1.541808009147644, "test_accuracy": 0.675, "_wandb": {"runtime": 4}}