{"training_loss": 0.05302600562572479, "training_accuracy": 0.9785714285714285, "validation_loss": 1.1092692613601685, "validation_accuracy": 0.76, "epoch": 200, "_timestamp": 1687296066.470988, "_runtime": 9.428023099899292, "_step": 200, "test_loss": 1.0461041927337646, "test_accuracy": 0.763, "_wandb": {"runtime": 9}}