{"training_loss": 0.6236268281936646, "training_accuracy": 0.7428571428571429, "validation_loss": 1.9018570184707642, "validation_accuracy": 0.588, "epoch": 200, "_timestamp": 1687295680.627431, "_runtime": 5.917004823684692, "_step": 200, "test_loss": 1.9931375980377197, "test_accuracy": 0.567, "_wandb": {"runtime": 5}}