{"training_loss": 0.10113310068845749, "training_accuracy": 0.9714285714285714, "validation_loss": 1.5276520252227783, "validation_accuracy": 0.684, "epoch": 200, "_timestamp": 1687295094.5257862, "_runtime": 6.622019052505493, "_step": 200, "test_loss": 1.3282989263534546, "test_accuracy": 0.711, "_wandb": {"runtime": 6}}