{"training_loss": 0.05158766359090805, "training_accuracy": 0.9857142857142858, "validation_loss": 1.3062167167663574, "validation_accuracy": 0.752, "epoch": 200, "_timestamp": 1687314461.733969, "_runtime": 6.15618896484375, "_step": 200, "test_loss": 1.306646704673767, "test_accuracy": 0.751, "_wandb": {"runtime": 5}}