{"training_loss": 0.065891332924366, "training_accuracy": 0.9928571428571429, "validation_loss": 0.7661004066467285, "validation_accuracy": 0.782, "epoch": 200, "_timestamp": 1687296593.773536, "_runtime": 5.641613006591797, "_step": 200, "test_loss": 0.733755886554718, "test_accuracy": 0.769, "_wandb": {"runtime": 5}}