{"training_loss": 0.2443867325782776, "training_accuracy": 0.9428571428571428, "validation_loss": 1.0407483577728271, "validation_accuracy": 0.712, "epoch": 200, "_timestamp": 1687309140.658828, "_runtime": 4.6695990562438965, "_step": 200, "test_loss": 0.8783612251281738, "test_accuracy": 0.723, "_wandb": {"runtime": 4}}