{"training_loss": 0.24796469509601593, "training_accuracy": 0.9571428571428572, "validation_loss": 1.1461304426193237, "validation_accuracy": 0.644, "epoch": 200, "_timestamp": 1687309621.448129, "_runtime": 4.995604038238525, "_step": 200, "test_loss": 1.1053410768508911, "test_accuracy": 0.63, "_wandb": {"runtime": 4}}