{"training_loss": 0.3059467375278473, "training_accuracy": 0.9357142857142857, "validation_loss": 0.9172760844230652, "validation_accuracy": 0.706, "epoch": 200, "_timestamp": 1687319254.1653771, "_runtime": 6.06492018699646, "_step": 200, "test_loss": 0.898262083530426, "test_accuracy": 0.726, "_wandb": {"runtime": 5}}