{"training_loss": 0.2263070046901703, "training_accuracy": 0.9714285714285714, "validation_loss": 0.9190474152565002, "validation_accuracy": 0.736, "epoch": 200, "_timestamp": 1687313470.724503, "_runtime": 4.680628061294556, "_step": 200, "test_loss": 0.8306623101234436, "test_accuracy": 0.756, "_wandb": {"runtime": 4}}