{"training_loss": 0.12552952766418457, "training_accuracy": 0.9642857142857143, "validation_loss": 1.629901647567749, "validation_accuracy": 0.696, "epoch": 200, "_timestamp": 1687314929.628344, "_runtime": 5.254914045333862, "_step": 200, "test_loss": 1.3183239698410034, "test_accuracy": 0.724, "_wandb": {"runtime": 4}}