{"training_loss": 1.3210818767547607, "training_accuracy": 0.36428571428571427, "validation_loss": 1.4285718202590942, "validation_accuracy": 0.302, "epoch": 200, "_timestamp": 1687295877.1904771, "_runtime": 5.507026195526123, "_step": 200, "test_loss": 1.4312708377838135, "test_accuracy": 0.284, "_wandb": {"runtime": 5}}