{"training_loss": 0.6313581466674805, "training_accuracy": 0.7285714285714285, "validation_loss": 1.2423747777938843, "validation_accuracy": 0.622, "epoch": 200, "_timestamp": 1687297376.246978, "_runtime": 4.613013029098511, "_step": 200, "test_loss": 1.3455411195755005, "test_accuracy": 0.603, "_wandb": {"runtime": 4}}