{"training_loss": 0.06391576677560806, "training_accuracy": 0.9857142857142858, "validation_loss": 1.0081967115402222, "validation_accuracy": 0.742, "epoch": 200, "_timestamp": 1687311653.503387, "_runtime": 6.019120931625366, "_step": 200, "test_loss": 1.0177439451217651, "test_accuracy": 0.754, "_wandb": {"runtime": 5}}