{"training_loss": 0.05006998032331467, "training_accuracy": 0.9928571428571429, "validation_loss": 1.4936840534210205, "validation_accuracy": 0.726, "epoch": 200, "_timestamp": 1687314632.022388, "_runtime": 6.456999063491821, "_step": 200, "test_loss": 1.4499272108078003, "test_accuracy": 0.716, "_wandb": {"runtime": 5}}