{"training_loss": 0.04329218342900276, "training_accuracy": 1.0, "validation_loss": 0.9359839558601379, "validation_accuracy": 0.734, "epoch": 200, "_timestamp": 1687309717.0881941, "_runtime": 8.47870421409607, "_step": 200, "test_loss": 0.8641248941421509, "test_accuracy": 0.76, "_wandb": {"runtime": 7}}