{"training_loss": 0.24707041680812836, "training_accuracy": 0.9285714285714286, "validation_loss": 1.0915111303329468, "validation_accuracy": 0.742, "epoch": 200, "_timestamp": 1687311878.125108, "_runtime": 4.355334043502808, "_step": 200, "test_loss": 1.0145924091339111, "test_accuracy": 0.727, "_wandb": {"runtime": 3}}