{"training_loss": 0.13152241706848145, "training_accuracy": 0.9785714285714285, "validation_loss": 0.852799117565155, "validation_accuracy": 0.76, "epoch": 200, "_timestamp": 1687316194.2297301, "_runtime": 5.653640031814575, "_step": 200, "test_loss": 0.7302380800247192, "test_accuracy": 0.776, "_wandb": {"runtime": 5}}