{"training_loss": 1.5937494039535522, "training_accuracy": 0.5642857142857143, "validation_loss": 1.776189923286438, "validation_accuracy": 0.372, "epoch": 200, "_timestamp": 1687296858.97826, "_runtime": 6.459855079650879, "_step": 200, "test_loss": 1.7642611265182495, "test_accuracy": 0.399, "_wandb": {"runtime": 6}}