{"training_loss": 0.3728698492050171, "training_accuracy": 0.9071428571428571, "validation_loss": 2.2202367782592773, "validation_accuracy": 0.658, "epoch": 200, "_timestamp": 1687295272.648253, "_runtime": 5.135014057159424, "_step": 200, "test_loss": 1.8931983709335327, "test_accuracy": 0.685, "_wandb": {"runtime": 4}}