{"training_loss": 0.1270940899848938, "training_accuracy": 0.9642857142857143, "validation_loss": 1.8653929233551025, "validation_accuracy": 0.686, "epoch": 200, "_timestamp": 1687296453.261699, "_runtime": 7.636926889419556, "_step": 200, "test_loss": 1.7335954904556274, "test_accuracy": 0.711, "_wandb": {"runtime": 7}}