{"training_loss": 0.23731784522533417, "training_accuracy": 0.9857142857142858, "validation_loss": 1.1726739406585693, "validation_accuracy": 0.668, "epoch": 200, "_timestamp": 1687315699.1124742, "_runtime": 8.809206247329712, "_step": 200, "test_loss": 1.1201823949813843, "test_accuracy": 0.694, "_wandb": {"runtime": 7}}