{"training_loss": 1.4241846799850464, "training_accuracy": 0.34285714285714286, "validation_loss": 1.5557631254196167, "validation_accuracy": 0.27, "epoch": 200, "_timestamp": 1687315886.5901709, "_runtime": 6.447307825088501, "_step": 200, "test_loss": 1.5432074069976807, "test_accuracy": 0.269, "_wandb": {"runtime": 5}}