{"training_loss": 0.4737333059310913, "training_accuracy": 0.85, "validation_loss": 1.7698938846588135, "validation_accuracy": 0.66, "epoch": 200, "_timestamp": 1687296787.7382898, "_runtime": 6.517862796783447, "_step": 200, "test_loss": 1.6040536165237427, "test_accuracy": 0.632, "_wandb": {"runtime": 6}}