{"training_loss": 0.06448850780725479, "training_accuracy": 0.9928571428571429, "validation_loss": 0.792834997177124, "validation_accuracy": 0.754, "epoch": 200, "_timestamp": 1687309456.5075169, "_runtime": 6.2468647956848145, "_step": 200, "test_loss": 0.7831236720085144, "test_accuracy": 0.768, "_wandb": {"runtime": 5}}