{"training_loss": 0.26326480507850647, "training_accuracy": 0.9357142857142857, "validation_loss": 0.8468579053878784, "validation_accuracy": 0.728, "epoch": 200, "_timestamp": 1687313139.773278, "_runtime": 4.7683799266815186, "_step": 200, "test_loss": 0.7631057500839233, "test_accuracy": 0.754, "_wandb": {"runtime": 3}}