{"training_loss": 0.04314126446843147, "training_accuracy": 0.9928571428571429, "validation_loss": 1.3650075197219849, "validation_accuracy": 0.708, "epoch": 200, "_timestamp": 1687311969.215748, "_runtime": 6.655639171600342, "_step": 200, "test_loss": 1.197536587715149, "test_accuracy": 0.752, "_wandb": {"runtime": 6}}