{"training_loss": 0.06037357822060585, "training_accuracy": 0.9928571428571429, "validation_loss": 0.9292481541633606, "validation_accuracy": 0.776, "epoch": 200, "_timestamp": 1687310823.7622678, "_runtime": 5.376420736312866, "_step": 200, "test_loss": 0.858468770980835, "test_accuracy": 0.783, "_wandb": {"runtime": 4}}