{"training_loss": 0.056884605437517166, "training_accuracy": 0.9857142857142858, "validation_loss": 1.1276241540908813, "validation_accuracy": 0.632, "epoch": 200, "_timestamp": 1687317994.456095, "_runtime": 7.681554079055786, "_step": 200, "test_loss": 1.0043987035751343, "test_accuracy": 0.69, "_wandb": {"runtime": 7}}