{"training_loss": 0.0715470165014267, "training_accuracy": 0.9857142857142858, "validation_loss": 1.3901714086532593, "validation_accuracy": 0.722, "epoch": 200, "_timestamp": 1687317066.6632, "_runtime": 7.8664000034332275, "_step": 200, "test_loss": 1.1864734888076782, "test_accuracy": 0.759, "_wandb": {"runtime": 7}}