{"training_loss": 0.036169689148664474, "training_accuracy": 1.0, "validation_loss": 0.8571212887763977, "validation_accuracy": 0.768, "epoch": 200, "_timestamp": 1687297351.06744, "_runtime": 5.564791917800903, "_step": 200, "test_loss": 0.7816532850265503, "test_accuracy": 0.779, "_wandb": {"runtime": 5}}