{"training_loss": 0.21600864827632904, "training_accuracy": 0.9714285714285714, "validation_loss": 1.0304898023605347, "validation_accuracy": 0.658, "epoch": 200, "_timestamp": 1687317080.706134, "_runtime": 5.800005197525024, "_step": 200, "test_loss": 0.9425725936889648, "test_accuracy": 0.703, "_wandb": {"runtime": 5}}