{"training_loss": 0.3823159337043762, "training_accuracy": 0.8785714285714286, "validation_loss": 1.4825284481048584, "validation_accuracy": 0.648, "epoch": 200, "_timestamp": 1687295477.754081, "_runtime": 4.862224102020264, "_step": 200, "test_loss": 1.4087580442428589, "test_accuracy": 0.664, "_wandb": {"runtime": 4}}