{"training_loss": 0.8632541298866272, "training_accuracy": 0.6428571428571429, "validation_loss": 1.5976107120513916, "validation_accuracy": 0.662, "epoch": 200, "_timestamp": 1687295653.780392, "_runtime": 5.909811973571777, "_step": 200, "test_loss": 1.3506053686141968, "test_accuracy": 0.661, "_wandb": {"runtime": 5}}