{"training_loss": 0.28758639097213745, "training_accuracy": 0.9428571428571428, "validation_loss": 0.9901883006095886, "validation_accuracy": 0.722, "epoch": 200, "_timestamp": 1687311087.270141, "_runtime": 7.562136888504028, "_step": 200, "test_loss": 0.9120011925697327, "test_accuracy": 0.752, "_wandb": {"runtime": 7}}