{"training_loss": 0.3057689368724823, "training_accuracy": 0.9214285714285714, "validation_loss": 2.043158769607544, "validation_accuracy": 0.69, "epoch": 200, "_timestamp": 1687298328.5660732, "_runtime": 7.07223916053772, "_step": 200, "test_loss": 1.8626694679260254, "test_accuracy": 0.696, "_wandb": {"runtime": 6}}