{"training_loss": 0.05313820391893387, "training_accuracy": 1.0, "validation_loss": 0.8187357783317566, "validation_accuracy": 0.75, "epoch": 200, "_timestamp": 1687310935.2586381, "_runtime": 6.3606462478637695, "_step": 200, "test_loss": 0.752843976020813, "test_accuracy": 0.771, "_wandb": {"runtime": 5}}