{"training_loss": 1.2786502838134766, "training_accuracy": 0.4857142857142857, "validation_loss": 1.552039384841919, "validation_accuracy": 0.5, "epoch": 200, "_timestamp": 1687319398.920188, "_runtime": 6.123434066772461, "_step": 200, "test_loss": 1.5119956731796265, "test_accuracy": 0.485, "_wandb": {"runtime": 5}}