{"training_loss": 0.2662084996700287, "training_accuracy": 0.9428571428571428, "validation_loss": 0.9594408273696899, "validation_accuracy": 0.712, "epoch": 200, "_timestamp": 1687317322.367394, "_runtime": 4.804705858230591, "_step": 200, "test_loss": 0.8954184651374817, "test_accuracy": 0.732, "_wandb": {"runtime": 4}}