{"training_loss": 0.47951462864875793, "training_accuracy": 0.8857142857142857, "validation_loss": 1.06739342212677, "validation_accuracy": 0.676, "epoch": 200, "_timestamp": 1687308182.820315, "_runtime": 6.056989908218384, "_step": 200, "test_loss": 1.1593774557113647, "test_accuracy": 0.679, "_wandb": {"runtime": 5}}