{"training_loss": 0.29131019115448, "training_accuracy": 0.9285714285714286, "validation_loss": 1.1395601034164429, "validation_accuracy": 0.732, "epoch": 200, "_timestamp": 1687311434.576246, "_runtime": 7.308134078979492, "_step": 200, "test_loss": 1.0402864217758179, "test_accuracy": 0.738, "_wandb": {"runtime": 6}}