{"training_loss": 0.1872609555721283, "training_accuracy": 0.9714285714285714, "validation_loss": 0.7695609927177429, "validation_accuracy": 0.758, "epoch": 200, "_timestamp": 1687313081.288629, "_runtime": 4.087763071060181, "_step": 200, "test_loss": 0.8104257583618164, "test_accuracy": 0.756, "_wandb": {"runtime": 3}}