{"training_loss": 0.10057384520769119, "training_accuracy": 0.9785714285714285, "validation_loss": 1.4237629175186157, "validation_accuracy": 0.722, "epoch": 200, "_timestamp": 1687313456.267354, "_runtime": 5.530779123306274, "_step": 200, "test_loss": 1.5408505201339722, "test_accuracy": 0.703, "_wandb": {"runtime": 4}}