{"training_loss": 0.034176766872406006, "training_accuracy": 1.0, "validation_loss": 1.523950219154358, "validation_accuracy": 0.752, "epoch": 200, "_timestamp": 1687313978.0372381, "_runtime": 10.450186014175415, "_step": 200, "test_loss": 1.3510550260543823, "test_accuracy": 0.726, "_wandb": {"runtime": 9}}