{"training_loss": 0.31685274839401245, "training_accuracy": 0.9357142857142857, "validation_loss": 0.9079768657684326, "validation_accuracy": 0.748, "epoch": 200, "_timestamp": 1687296690.050622, "_runtime": 8.153815031051636, "_step": 200, "test_loss": 0.7855985164642334, "test_accuracy": 0.76, "_wandb": {"runtime": 7}}