{"training_loss": 0.07534193992614746, "training_accuracy": 0.9857142857142858, "validation_loss": 1.5527303218841553, "validation_accuracy": 0.724, "epoch": 200, "_timestamp": 1687310724.690753, "_runtime": 5.83315896987915, "_step": 200, "test_loss": 1.2982661724090576, "test_accuracy": 0.738, "_wandb": {"runtime": 5}}