{"training_loss": 0.08876573294401169, "training_accuracy": 0.9857142857142858, "validation_loss": 0.914081871509552, "validation_accuracy": 0.748, "epoch": 199, "_timestamp": 1687295003.7510898, "_runtime": 5.307631731033325, "_step": 200, "test_loss": 0.8532382845878601, "test_accuracy": 0.757, "_wandb": {"runtime": 4}}