{"training_loss": 0.055347688496112823, "training_accuracy": 0.9857142857142858, "validation_loss": 0.8417781591415405, "validation_accuracy": 0.766, "epoch": 200, "_timestamp": 1687309548.6084769, "_runtime": 5.096919775009155, "_step": 200, "test_loss": 0.7361254692077637, "test_accuracy": 0.776, "_wandb": {"runtime": 4}}