{"training_loss": 0.04604783654212952, "training_accuracy": 1.0, "validation_loss": 0.8197769522666931, "validation_accuracy": 0.754, "epoch": 200, "_timestamp": 1687314573.988341, "_runtime": 5.454218149185181, "_step": 200, "test_loss": 0.7354211807250977, "test_accuracy": 0.759, "_wandb": {"runtime": 4}}