{"training_loss": 0.8813574910163879, "training_accuracy": 0.5, "validation_loss": 1.811194896697998, "validation_accuracy": 0.496, "epoch": 200, "_timestamp": 1687298252.5570729, "_runtime": 4.7201268672943115, "_step": 200, "test_loss": 1.8003671169281006, "test_accuracy": 0.448, "_wandb": {"runtime": 4}}