{"training_loss": 0.269277960062027, "training_accuracy": 0.9571428571428572, "validation_loss": 1.1888076066970825, "validation_accuracy": 0.654, "epoch": 200, "_timestamp": 1687313739.564161, "_runtime": 5.0916221141815186, "_step": 200, "test_loss": 1.1371023654937744, "test_accuracy": 0.67, "_wandb": {"runtime": 4}}