{"training_loss": 0.0890749916434288, "training_accuracy": 1.0, "validation_loss": 0.8544291257858276, "validation_accuracy": 0.754, "epoch": 200, "_timestamp": 1687316400.119391, "_runtime": 5.37528395652771, "_step": 200, "test_loss": 0.8112466335296631, "test_accuracy": 0.772, "_wandb": {"runtime": 4}}