{"training_loss": 0.0755559429526329, "training_accuracy": 0.9857142857142858, "validation_loss": 0.7968006134033203, "validation_accuracy": 0.784, "epoch": 200, "_timestamp": 1687308494.417081, "_runtime": 5.123071193695068, "_step": 200, "test_loss": 0.7015838027000427, "test_accuracy": 0.792, "_wandb": {"runtime": 4}}