{"training_loss": 0.07868979871273041, "training_accuracy": 1.0, "validation_loss": 0.996364176273346, "validation_accuracy": 0.746, "epoch": 200, "_timestamp": 1687313765.716542, "_runtime": 5.764894962310791, "_step": 200, "test_loss": 1.020599365234375, "test_accuracy": 0.748, "_wandb": {"runtime": 4}}