{"training_loss": 0.20730823278427124, "training_accuracy": 0.9571428571428572, "validation_loss": 1.0568866729736328, "validation_accuracy": 0.714, "epoch": 200, "_timestamp": 1687298792.9117398, "_runtime": 5.513558864593506, "_step": 200, "test_loss": 0.9593867063522339, "test_accuracy": 0.746, "_wandb": {"runtime": 5}}