{"training_loss": 0.1895858645439148, "training_accuracy": 0.9642857142857143, "validation_loss": 0.8355956673622131, "validation_accuracy": 0.754, "epoch": 200, "_timestamp": 1687316998.549098, "_runtime": 4.675522089004517, "_step": 200, "test_loss": 0.7516149282455444, "test_accuracy": 0.769, "_wandb": {"runtime": 4}}