{"training_loss": 0.40120071172714233, "training_accuracy": 0.8857142857142857, "validation_loss": 1.2160255908966064, "validation_accuracy": 0.654, "epoch": 200, "_timestamp": 1687318281.6589, "_runtime": 5.992614984512329, "_step": 200, "test_loss": 1.1284328699111938, "test_accuracy": 0.635, "_wandb": {"runtime": 5}}