{"training_loss": 0.3874951899051666, "training_accuracy": 0.8714285714285714, "validation_loss": 1.0547267198562622, "validation_accuracy": 0.682, "epoch": 200, "_timestamp": 1687297530.139919, "_runtime": 4.5735509395599365, "_step": 200, "test_loss": 1.0134384632110596, "test_accuracy": 0.713, "_wandb": {"runtime": 4}}