{"training_loss": 0.059666574001312256, "training_accuracy": 0.9928571428571429, "validation_loss": 0.9814502000808716, "validation_accuracy": 0.75, "epoch": 200, "_timestamp": 1687296967.7340622, "_runtime": 4.670544147491455, "_step": 200, "test_loss": 0.9223676323890686, "test_accuracy": 0.761, "_wandb": {"runtime": 4}}