{"training_loss": 0.8019160628318787, "training_accuracy": 0.6785714285714286, "validation_loss": 1.6774736642837524, "validation_accuracy": 0.55, "epoch": 200, "_timestamp": 1687308207.771734, "_runtime": 5.031038999557495, "_step": 200, "test_loss": 1.7495847940444946, "test_accuracy": 0.54, "_wandb": {"runtime": 4}}