{"training_loss": 0.05599850416183472, "training_accuracy": 1.0, "validation_loss": 0.8081203103065491, "validation_accuracy": 0.75, "epoch": 200, "_timestamp": 1687295146.954064, "_runtime": 7.372582912445068, "_step": 200, "test_loss": 0.7616942524909973, "test_accuracy": 0.767, "_wandb": {"runtime": 7}}