{"training_loss": 0.377311646938324, "training_accuracy": 0.8928571428571429, "validation_loss": 1.5837010145187378, "validation_accuracy": 0.61, "epoch": 200, "_timestamp": 1687295948.429673, "_runtime": 4.8193230628967285, "_step": 200, "test_loss": 1.4280441999435425, "test_accuracy": 0.652, "_wandb": {"runtime": 4}}