{"training_loss": 0.17464014887809753, "training_accuracy": 0.9642857142857143, "validation_loss": 0.9405487775802612, "validation_accuracy": 0.758, "epoch": 200, "_timestamp": 1687313828.557076, "_runtime": 5.900058031082153, "_step": 200, "test_loss": 0.7679989337921143, "test_accuracy": 0.771, "_wandb": {"runtime": 5}}