{"training_loss": 0.14257627725601196, "training_accuracy": 0.9571428571428572, "validation_loss": 1.4760552644729614, "validation_accuracy": 0.682, "epoch": 200, "_timestamp": 1687295777.801365, "_runtime": 6.951233863830566, "_step": 200, "test_loss": 1.39885675907135, "test_accuracy": 0.691, "_wandb": {"runtime": 6}}