{"training_loss": 0.032904017716646194, "training_accuracy": 1.0, "validation_loss": 0.909663200378418, "validation_accuracy": 0.762, "epoch": 200, "_timestamp": 1687297703.235297, "_runtime": 7.822474002838135, "_step": 200, "test_loss": 0.7783045172691345, "test_accuracy": 0.785, "_wandb": {"runtime": 7}}