{"training_loss": 0.1283419132232666, "training_accuracy": 0.9785714285714285, "validation_loss": 1.1005750894546509, "validation_accuracy": 0.72, "epoch": 200, "_timestamp": 1687313312.9401448, "_runtime": 6.000755786895752, "_step": 200, "test_loss": 0.9617512226104736, "test_accuracy": 0.731, "_wandb": {"runtime": 5}}