{"training_loss": 0.19548790156841278, "training_accuracy": 0.9428571428571428, "validation_loss": 1.2719838619232178, "validation_accuracy": 0.708, "epoch": 200, "_timestamp": 1687309569.821803, "_runtime": 5.152295112609863, "_step": 200, "test_loss": 1.1481918096542358, "test_accuracy": 0.736, "_wandb": {"runtime": 4}}