{"training_loss": 0.0707407146692276, "training_accuracy": 0.9857142857142858, "validation_loss": 0.8610475659370422, "validation_accuracy": 0.77, "epoch": 200, "_timestamp": 1687319326.508451, "_runtime": 5.957251071929932, "_step": 200, "test_loss": 0.8265849947929382, "test_accuracy": 0.776, "_wandb": {"runtime": 5}}