{"training_loss": 0.08725164085626602, "training_accuracy": 0.9857142857142858, "validation_loss": 1.6241375207901, "validation_accuracy": 0.736, "epoch": 200, "_timestamp": 1687297543.587122, "_runtime": 7.320301055908203, "_step": 200, "test_loss": 1.4373419284820557, "test_accuracy": 0.761, "_wandb": {"runtime": 6}}