{"training_loss": 0.07757768034934998, "training_accuracy": 0.9857142857142858, "validation_loss": 1.1514445543289185, "validation_accuracy": 0.75, "epoch": 200, "_timestamp": 1687311936.374999, "_runtime": 5.213788986206055, "_step": 200, "test_loss": 1.131942629814148, "test_accuracy": 0.742, "_wandb": {"runtime": 4}}