{"training_loss": 0.9477121829986572, "training_accuracy": 0.5142857142857142, "validation_loss": 2.223256826400757, "validation_accuracy": 0.476, "epoch": 200, "_timestamp": 1687295639.81774, "_runtime": 6.5462729930877686, "_step": 200, "test_loss": 2.1453146934509277, "test_accuracy": 0.474, "_wandb": {"runtime": 6}}