{"training_loss": 0.3437519073486328, "training_accuracy": 0.8928571428571429, "validation_loss": 0.9284300804138184, "validation_accuracy": 0.746, "epoch": 200, "_timestamp": 1687315011.35471, "_runtime": 4.347674131393433, "_step": 200, "test_loss": 0.8670850396156311, "test_accuracy": 0.739, "_wandb": {"runtime": 3}}