{"training_loss": 0.06789197772741318, "training_accuracy": 1.0, "validation_loss": 0.8058526515960693, "validation_accuracy": 0.754, "epoch": 200, "_timestamp": 1687298642.728419, "_runtime": 6.461541175842285, "_step": 200, "test_loss": 0.7593989372253418, "test_accuracy": 0.764, "_wandb": {"runtime": 5}}