{"training_loss": 0.45455190539360046, "training_accuracy": 0.9142857142857143, "validation_loss": 1.0524793863296509, "validation_accuracy": 0.704, "epoch": 200, "_timestamp": 1687308328.5135942, "_runtime": 5.253347158432007, "_step": 200, "test_loss": 1.0266714096069336, "test_accuracy": 0.697, "_wandb": {"runtime": 4}}