{"training_loss": 0.03816498443484306, "training_accuracy": 1.0, "validation_loss": 0.9182589650154114, "validation_accuracy": 0.728, "epoch": 200, "_timestamp": 1687314559.967751, "_runtime": 6.722026109695435, "_step": 200, "test_loss": 0.8083100318908691, "test_accuracy": 0.758, "_wandb": {"runtime": 6}}