{"training_loss": 0.15649762749671936, "training_accuracy": 0.9571428571428572, "validation_loss": 1.767611026763916, "validation_accuracy": 0.68, "epoch": 200, "_timestamp": 1687318378.782816, "_runtime": 8.784608840942383, "_step": 200, "test_loss": 2.0145084857940674, "test_accuracy": 0.664, "_wandb": {"runtime": 7}}