{"training_loss": 0.13672445714473724, "training_accuracy": 0.9571428571428572, "validation_loss": 1.3212859630584717, "validation_accuracy": 0.7, "epoch": 200, "_timestamp": 1687318975.149454, "_runtime": 5.704395055770874, "_step": 200, "test_loss": 1.18229079246521, "test_accuracy": 0.702, "_wandb": {"runtime": 5}}