{"training_loss": 0.7974501252174377, "training_accuracy": 0.6642857142857143, "validation_loss": 2.0469119548797607, "validation_accuracy": 0.464, "epoch": 200, "_timestamp": 1687295082.416391, "_runtime": 5.1480817794799805, "_step": 200, "test_loss": 2.3383326530456543, "test_accuracy": 0.454, "_wandb": {"runtime": 4}}