{"training_loss": 0.5061163902282715, "training_accuracy": 0.8857142857142857, "validation_loss": 1.105039119720459, "validation_accuracy": 0.728, "epoch": 200, "_timestamp": 1687313844.683167, "_runtime": 5.9561920166015625, "_step": 200, "test_loss": 1.0394165515899658, "test_accuracy": 0.731, "_wandb": {"runtime": 5}}