{"training_loss": 0.0717301070690155, "training_accuracy": 0.9928571428571429, "validation_loss": 0.7496296763420105, "validation_accuracy": 0.756, "epoch": 200, "_timestamp": 1687296243.965559, "_runtime": 6.870085000991821, "_step": 200, "test_loss": 0.698554515838623, "test_accuracy": 0.784, "_wandb": {"runtime": 6}}