{"training_loss": 0.37581872940063477, "training_accuracy": 0.8928571428571429, "validation_loss": 1.1842411756515503, "validation_accuracy": 0.642, "epoch": 200, "_timestamp": 1687310697.593547, "_runtime": 4.9345550537109375, "_step": 200, "test_loss": 1.1026438474655151, "test_accuracy": 0.673, "_wandb": {"runtime": 4}}