{"training_loss": 0.03827641159296036, "training_accuracy": 0.9928571428571429, "validation_loss": 0.9180715680122375, "validation_accuracy": 0.728, "epoch": 200, "_timestamp": 1687311308.703548, "_runtime": 6.32613205909729, "_step": 200, "test_loss": 0.8011285662651062, "test_accuracy": 0.753, "_wandb": {"runtime": 5}}