{"training_loss": 0.09691862016916275, "training_accuracy": 0.9714285714285714, "validation_loss": 0.9950881004333496, "validation_accuracy": 0.752, "epoch": 200, "_timestamp": 1687320005.424916, "_runtime": 16.36246609687805, "_step": 200, "test_loss": 0.8603219985961914, "test_accuracy": 0.76, "_wandb": {"runtime": 15}}