{"training_loss": 0.19958917796611786, "training_accuracy": 0.9571428571428572, "validation_loss": 1.168617606163025, "validation_accuracy": 0.702, "epoch": 200, "_timestamp": 1687298508.804373, "_runtime": 4.027346134185791, "_step": 200, "test_loss": 1.1345925331115723, "test_accuracy": 0.704, "_wandb": {"runtime": 3}}