{"training_loss": 0.15798993408679962, "training_accuracy": 0.9857142857142858, "validation_loss": 1.0508575439453125, "validation_accuracy": 0.742, "epoch": 200, "_timestamp": 1687318025.4595041, "_runtime": 7.242706060409546, "_step": 200, "test_loss": 0.9915803074836731, "test_accuracy": 0.753, "_wandb": {"runtime": 6}}