{"training_loss": 1.951749563217163, "training_accuracy": 0.14285714285714285, "validation_loss": 1.9483407735824585, "validation_accuracy": 0.114, "epoch": 0, "_timestamp": 1687294866.4116218, "_runtime": 0.5118129253387451, "_step": 1, "test_loss": 1.9530977010726929, "test_accuracy": 0.103, "_wandb": {"runtime": 0}}