{"training_loss": 0.07693254202604294, "training_accuracy": 0.9928571428571429, "validation_loss": 1.0365842580795288, "validation_accuracy": 0.752, "epoch": 200, "_timestamp": 1687320187.9779682, "_runtime": 7.491627216339111, "_step": 200, "test_loss": 0.9890884160995483, "test_accuracy": 0.727, "_wandb": {"runtime": 6}}