{"training_loss": 0.05861256644129753, "training_accuracy": 0.9857142857142858, "validation_loss": 1.2907541990280151, "validation_accuracy": 0.706, "epoch": 200, "_timestamp": 1687297318.465996, "_runtime": 5.610757112503052, "_step": 200, "test_loss": 1.1327797174453735, "test_accuracy": 0.721, "_wandb": {"runtime": 5}}