{"training_loss": 0.09727813303470612, "training_accuracy": 0.9857142857142858, "validation_loss": 1.0313206911087036, "validation_accuracy": 0.722, "epoch": 200, "_timestamp": 1687316327.654191, "_runtime": 5.190428018569946, "_step": 200, "test_loss": 0.9833464026451111, "test_accuracy": 0.749, "_wandb": {"runtime": 4}}