{"training_loss": 1.0039119720458984, "training_accuracy": 0.5142857142857142, "validation_loss": 1.955655813217163, "validation_accuracy": 0.392, "epoch": 200, "_timestamp": 1687295827.708718, "_runtime": 4.963669061660767, "_step": 200, "test_loss": 2.045229196548462, "test_accuracy": 0.399, "_wandb": {"runtime": 4}}