{"training_loss": 0.25557756423950195, "training_accuracy": 0.9285714285714286, "validation_loss": 0.8621337413787842, "validation_accuracy": 0.744, "epoch": 200, "_timestamp": 1687319203.3038669, "_runtime": 6.2804789543151855, "_step": 200, "test_loss": 0.8074354529380798, "test_accuracy": 0.757, "_wandb": {"runtime": 5}}