{"training_loss": 0.19908960163593292, "training_accuracy": 0.9357142857142857, "validation_loss": 1.0263715982437134, "validation_accuracy": 0.662, "epoch": 200, "_timestamp": 1687296669.7409122, "_runtime": 4.068718194961548, "_step": 200, "test_loss": 0.9827082753181458, "test_accuracy": 0.682, "_wandb": {"runtime": 3}}