{"training_loss": 0.18696872889995575, "training_accuracy": 0.95, "validation_loss": 0.9321224093437195, "validation_accuracy": 0.724, "epoch": 200, "_timestamp": 1687318415.35493, "_runtime": 5.406875848770142, "_step": 200, "test_loss": 0.8099899291992188, "test_accuracy": 0.766, "_wandb": {"runtime": 4}}