{"training_loss": 0.20747244358062744, "training_accuracy": 0.9642857142857143, "validation_loss": 1.3736724853515625, "validation_accuracy": 0.696, "epoch": 200, "_timestamp": 1687297307.066925, "_runtime": 3.829108953475952, "_step": 200, "test_loss": 1.17681086063385, "test_accuracy": 0.73, "_wandb": {"runtime": 3}}