{"training_loss": 0.39560937881469727, "training_accuracy": 0.8785714285714286, "validation_loss": 1.5446910858154297, "validation_accuracy": 0.662, "epoch": 200, "_timestamp": 1687298357.3901298, "_runtime": 4.477177858352661, "_step": 200, "test_loss": 1.3946126699447632, "test_accuracy": 0.681, "_wandb": {"runtime": 4}}