{"training_loss": 1.853639006614685, "training_accuracy": 0.2785714285714286, "validation_loss": 1.8809407949447632, "validation_accuracy": 0.484, "epoch": 200, "_timestamp": 1687296025.9281259, "_runtime": 3.908118963241577, "_step": 200, "test_loss": 1.8783893585205078, "test_accuracy": 0.474, "_wandb": {"runtime": 3}}