{"training_loss": 0.022940805181860924, "training_accuracy": 1.0, "validation_loss": 1.4462140798568726, "validation_accuracy": 0.744, "epoch": 200, "_timestamp": 1687320032.3479738, "_runtime": 7.158251762390137, "_step": 200, "test_loss": 1.1599152088165283, "test_accuracy": 0.794, "_wandb": {"runtime": 6}}