{"training_loss": 0.26110902428627014, "training_accuracy": 0.95, "validation_loss": 1.1033999919891357, "validation_accuracy": 0.678, "epoch": 200, "_timestamp": 1687316018.466557, "_runtime": 6.216479063034058, "_step": 200, "test_loss": 1.0691379308700562, "test_accuracy": 0.672, "_wandb": {"runtime": 5}}