{"training_loss": 0.0579252727329731, "training_accuracy": 1.0, "validation_loss": 0.87836754322052, "validation_accuracy": 0.72, "epoch": 200, "_timestamp": 1687308548.932223, "_runtime": 7.460052013397217, "_step": 200, "test_loss": 0.7466495037078857, "test_accuracy": 0.759, "_wandb": {"runtime": 6}}