{"training_loss": 0.285317987203598, "training_accuracy": 0.9142857142857143, "validation_loss": 1.1867426633834839, "validation_accuracy": 0.694, "epoch": 200, "_timestamp": 1687316033.162362, "_runtime": 6.788024187088013, "_step": 200, "test_loss": 1.1311217546463013, "test_accuracy": 0.714, "_wandb": {"runtime": 5}}