{"training_loss": 0.023594418540596962, "training_accuracy": 1.0, "validation_loss": 0.84175044298172, "validation_accuracy": 0.764, "epoch": 200, "_timestamp": 1687309701.1765919, "_runtime": 7.807377815246582, "_step": 200, "test_loss": 0.7875891923904419, "test_accuracy": 0.772, "_wandb": {"runtime": 7}}