{"training_loss": 0.0484878346323967, "training_accuracy": 0.9928571428571429, "validation_loss": 1.6661731004714966, "validation_accuracy": 0.718, "epoch": 200, "_timestamp": 1687297297.252966, "_runtime": 5.586396932601929, "_step": 200, "test_loss": 1.4030542373657227, "test_accuracy": 0.723, "_wandb": {"runtime": 5}}