{"training_loss": 0.30987462401390076, "training_accuracy": 0.9214285714285714, "validation_loss": 1.0423665046691895, "validation_accuracy": 0.652, "epoch": 200, "_timestamp": 1687297085.794226, "_runtime": 3.6271169185638428, "_step": 200, "test_loss": 0.9918659329414368, "test_accuracy": 0.708, "_wandb": {"runtime": 3}}