{"training_loss": 0.160751074552536, "training_accuracy": 0.95, "validation_loss": 3.0226998329162598, "validation_accuracy": 0.692, "epoch": 200, "_timestamp": 1687295960.7642372, "_runtime": 6.2588982582092285, "_step": 200, "test_loss": 2.3537964820861816, "test_accuracy": 0.723, "_wandb": {"runtime": 5}}