{"training_loss": 0.13840696215629578, "training_accuracy": 0.9714285714285714, "validation_loss": 0.9727721810340881, "validation_accuracy": 0.726, "epoch": 200, "_timestamp": 1687311131.1424398, "_runtime": 3.8903019428253174, "_step": 200, "test_loss": 0.9280503988265991, "test_accuracy": 0.746, "_wandb": {"runtime": 3}}