{"training_loss": 0.09198913723230362, "training_accuracy": 0.9857142857142858, "validation_loss": 0.9064677953720093, "validation_accuracy": 0.75, "epoch": 200, "_timestamp": 1687318933.506117, "_runtime": 5.307627201080322, "_step": 200, "test_loss": 0.7959108948707581, "test_accuracy": 0.781, "_wandb": {"runtime": 4}}