{"training_loss": 1.0148522853851318, "training_accuracy": 0.8214285714285714, "validation_loss": 1.4171607494354248, "validation_accuracy": 0.674, "epoch": 200, "_timestamp": 1687313374.4074721, "_runtime": 6.488891124725342, "_step": 200, "test_loss": 1.4181522130966187, "test_accuracy": 0.666, "_wandb": {"runtime": 5}}