{"training_loss": 0.09785879403352737, "training_accuracy": 1.0, "validation_loss": 0.8091040849685669, "validation_accuracy": 0.748, "epoch": 200, "_timestamp": 1687320065.491904, "_runtime": 8.159213066101074, "_step": 200, "test_loss": 0.7558909058570862, "test_accuracy": 0.767, "_wandb": {"runtime": 7}}