{"training_loss": 0.09170814603567123, "training_accuracy": 0.9714285714285714, "validation_loss": 2.01444149017334, "validation_accuracy": 0.688, "epoch": 200, "_timestamp": 1687314998.694877, "_runtime": 6.839332818984985, "_step": 200, "test_loss": 1.7311158180236816, "test_accuracy": 0.733, "_wandb": {"runtime": 6}}