{"training_loss": 0.17936158180236816, "training_accuracy": 0.9642857142857143, "validation_loss": 1.9890702962875366, "validation_accuracy": 0.682, "epoch": 200, "_timestamp": 1687310965.6145332, "_runtime": 5.447333097457886, "_step": 200, "test_loss": 1.9817359447479248, "test_accuracy": 0.69, "_wandb": {"runtime": 4}}