{"training_loss": 0.44849106669425964, "training_accuracy": 0.9071428571428571, "validation_loss": 1.269544243812561, "validation_accuracy": 0.646, "epoch": 200, "_timestamp": 1687295626.917446, "_runtime": 4.176536798477173, "_step": 200, "test_loss": 1.245389699935913, "test_accuracy": 0.618, "_wandb": {"runtime": 3}}