{"training_loss": 0.043733805418014526, "training_accuracy": 0.9857142857142858, "validation_loss": 1.2258447408676147, "validation_accuracy": 0.748, "epoch": 200, "_timestamp": 1687313037.3780758, "_runtime": 6.094919919967651, "_step": 200, "test_loss": 1.0756407976150513, "test_accuracy": 0.761, "_wandb": {"runtime": 5}}