{"training_loss": 0.18982450664043427, "training_accuracy": 0.9928571428571429, "validation_loss": 0.8558669686317444, "validation_accuracy": 0.748, "epoch": 200, "_timestamp": 1687313501.139951, "_runtime": 8.081326007843018, "_step": 200, "test_loss": 0.8058435320854187, "test_accuracy": 0.757, "_wandb": {"runtime": 7}}