{"training_loss": 0.30486172437667847, "training_accuracy": 0.9571428571428572, "validation_loss": 0.8725038170814514, "validation_accuracy": 0.748, "epoch": 200, "_timestamp": 1687314547.1563442, "_runtime": 3.986093282699585, "_step": 200, "test_loss": 0.8474714159965515, "test_accuracy": 0.747, "_wandb": {"runtime": 3}}