{"training_loss": 0.4187541604042053, "training_accuracy": 0.8714285714285714, "validation_loss": 1.1749486923217773, "validation_accuracy": 0.686, "epoch": 200, "_timestamp": 1687319917.7192829, "_runtime": 6.554380893707275, "_step": 200, "test_loss": 1.065902590751648, "test_accuracy": 0.678, "_wandb": {"runtime": 5}}