{"training_loss": 0.23936685919761658, "training_accuracy": 0.9642857142857143, "validation_loss": 0.9431840777397156, "validation_accuracy": 0.736, "epoch": 200, "_timestamp": 1687314448.438446, "_runtime": 3.7089710235595703, "_step": 200, "test_loss": 0.9007784128189087, "test_accuracy": 0.748, "_wandb": {"runtime": 3}}