{"training_loss": 0.3791642487049103, "training_accuracy": 0.8357142857142857, "validation_loss": 2.299487352371216, "validation_accuracy": 0.606, "epoch": 200, "_timestamp": 1687295805.160172, "_runtime": 8.548254013061523, "_step": 200, "test_loss": 2.3317294120788574, "test_accuracy": 0.625, "_wandb": {"runtime": 8}}