{"training_loss": 0.2182847559452057, "training_accuracy": 0.9357142857142857, "validation_loss": 1.0841928720474243, "validation_accuracy": 0.646, "epoch": 200, "_timestamp": 1687311998.1666749, "_runtime": 5.22039794921875, "_step": 200, "test_loss": 0.9690940976142883, "test_accuracy": 0.692, "_wandb": {"runtime": 4}}