{"training_loss": 1.6613928079605103, "training_accuracy": 0.40714285714285714, "validation_loss": 1.7543880939483643, "validation_accuracy": 0.298, "epoch": 200, "_timestamp": 1687316152.268833, "_runtime": 5.316154956817627, "_step": 200, "test_loss": 1.7573609352111816, "test_accuracy": 0.289, "_wandb": {"runtime": 4}}