{"training_loss": 0.10885342210531235, "training_accuracy": 1.0, "validation_loss": 1.3969788551330566, "validation_accuracy": 0.722, "epoch": 200, "_timestamp": 1687316340.4734552, "_runtime": 6.453736305236816, "_step": 200, "test_loss": 1.169517159461975, "test_accuracy": 0.741, "_wandb": {"runtime": 5}}