{"training_loss": 0.04150236025452614, "training_accuracy": 0.9928571428571429, "validation_loss": 1.3405005931854248, "validation_accuracy": 0.724, "epoch": 200, "_timestamp": 1687295711.988116, "_runtime": 7.434768915176392, "_step": 200, "test_loss": 1.261104702949524, "test_accuracy": 0.759, "_wandb": {"runtime": 7}}