{"training_loss": 0.07047172635793686, "training_accuracy": 0.9857142857142858, "validation_loss": 1.4590392112731934, "validation_accuracy": 0.73, "epoch": 200, "_timestamp": 1687316357.551053, "_runtime": 8.992156982421875, "_step": 200, "test_loss": 1.1569197177886963, "test_accuracy": 0.749, "_wandb": {"runtime": 8}}