{"training_loss": 0.06025589630007744, "training_accuracy": 0.9857142857142858, "validation_loss": 0.9523249864578247, "validation_accuracy": 0.756, "epoch": 200, "_timestamp": 1687319902.304877, "_runtime": 6.444110155105591, "_step": 200, "test_loss": 0.8175280690193176, "test_accuracy": 0.785, "_wandb": {"runtime": 5}}