{"training_loss": 0.43693408370018005, "training_accuracy": 0.8428571428571429, "validation_loss": 1.1919670104980469, "validation_accuracy": 0.602, "epoch": 200, "_timestamp": 1687316907.089511, "_runtime": 5.618268013000488, "_step": 200, "test_loss": 1.1201666593551636, "test_accuracy": 0.639, "_wandb": {"runtime": 5}}