{"training_loss": 0.09719089418649673, "training_accuracy": 0.9857142857142858, "validation_loss": 0.8719172477722168, "validation_accuracy": 0.748, "epoch": 200, "_timestamp": 1687313910.8319528, "_runtime": 5.603696823120117, "_step": 200, "test_loss": 0.8154554963111877, "test_accuracy": 0.769, "_wandb": {"runtime": 5}}