{"training_loss": 0.22619372606277466, "training_accuracy": 0.9357142857142857, "validation_loss": 1.7492809295654297, "validation_accuracy": 0.694, "epoch": 200, "_timestamp": 1687311608.862853, "_runtime": 8.427664041519165, "_step": 200, "test_loss": 1.428106665611267, "test_accuracy": 0.729, "_wandb": {"runtime": 7}}