{"training_loss": 0.04345102980732918, "training_accuracy": 1.0, "validation_loss": 0.9921107888221741, "validation_accuracy": 0.774, "epoch": 200, "_timestamp": 1687315725.156725, "_runtime": 8.500442028045654, "_step": 200, "test_loss": 0.8920004963874817, "test_accuracy": 0.776, "_wandb": {"runtime": 7}}