{"training_loss": 0.3929000794887543, "training_accuracy": 0.8785714285714286, "validation_loss": 2.084186315536499, "validation_accuracy": 0.652, "epoch": 200, "_timestamp": 1687296128.0482361, "_runtime": 4.156678199768066, "_step": 200, "test_loss": 1.701332688331604, "test_accuracy": 0.685, "_wandb": {"runtime": 3}}