{"training_loss": 0.22378899157047272, "training_accuracy": 0.95, "validation_loss": 0.960555374622345, "validation_accuracy": 0.734, "epoch": 200, "_timestamp": 1687298540.91485, "_runtime": 4.184158086776733, "_step": 200, "test_loss": 1.1292041540145874, "test_accuracy": 0.73, "_wandb": {"runtime": 3}}