{"training_loss": 0.23322369158267975, "training_accuracy": 0.9285714285714286, "validation_loss": 0.9792298674583435, "validation_accuracy": 0.722, "epoch": 200, "_timestamp": 1687316315.1993861, "_runtime": 6.832232236862183, "_step": 200, "test_loss": 0.8744535446166992, "test_accuracy": 0.739, "_wandb": {"runtime": 6}}