{"training_loss": 0.1528821736574173, "training_accuracy": 0.9642857142857143, "validation_loss": 2.1590752601623535, "validation_accuracy": 0.69, "epoch": 200, "_timestamp": 1687317097.382185, "_runtime": 7.5661420822143555, "_step": 200, "test_loss": 1.8479340076446533, "test_accuracy": 0.71, "_wandb": {"runtime": 7}}