{"training_loss": 0.5816834568977356, "training_accuracy": 0.8285714285714286, "validation_loss": 1.0639187097549438, "validation_accuracy": 0.672, "epoch": 200, "_timestamp": 1687297893.925262, "_runtime": 4.4395740032196045, "_step": 200, "test_loss": 1.0135762691497803, "test_accuracy": 0.678, "_wandb": {"runtime": 3}}