{"training_loss": 0.14101938903331757, "training_accuracy": 0.95, "validation_loss": 1.2736154794692993, "validation_accuracy": 0.712, "epoch": 200, "_timestamp": 1687311278.1900742, "_runtime": 6.3371171951293945, "_step": 200, "test_loss": 1.211099624633789, "test_accuracy": 0.731, "_wandb": {"runtime": 5}}