{"training_loss": 0.2609784007072449, "training_accuracy": 0.95, "validation_loss": 1.1383860111236572, "validation_accuracy": 0.66, "epoch": 200, "_timestamp": 1687317190.696905, "_runtime": 7.444027900695801, "_step": 200, "test_loss": 1.0437042713165283, "test_accuracy": 0.687, "_wandb": {"runtime": 6}}