{"training_loss": 0.5033935308456421, "training_accuracy": 0.8214285714285714, "validation_loss": 2.209244966506958, "validation_accuracy": 0.624, "epoch": 200, "_timestamp": 1687308603.874898, "_runtime": 5.638407945632935, "_step": 200, "test_loss": 2.135464668273926, "test_accuracy": 0.599, "_wandb": {"runtime": 5}}