{"training_loss": 0.05917761102318764, "training_accuracy": 0.9928571428571429, "validation_loss": 0.7729991674423218, "validation_accuracy": 0.774, "epoch": 200, "_timestamp": 1687317815.239657, "_runtime": 11.374464988708496, "_step": 200, "test_loss": 0.7097979187965393, "test_accuracy": 0.78, "_wandb": {"runtime": 10}}