{"training_loss": 0.13067524135112762, "training_accuracy": 0.9642857142857143, "validation_loss": 2.507354259490967, "validation_accuracy": 0.668, "epoch": 200, "_timestamp": 1687308464.786158, "_runtime": 5.830250024795532, "_step": 200, "test_loss": 2.3024330139160156, "test_accuracy": 0.685, "_wandb": {"runtime": 5}}