{"training_loss": 1.7765165567398071, "training_accuracy": 0.8785714285714286, "validation_loss": 1.895917534828186, "validation_accuracy": 0.448, "epoch": 200, "_timestamp": 1687309181.828136, "_runtime": 5.565046072006226, "_step": 200, "test_loss": 1.8929195404052734, "test_accuracy": 0.464, "_wandb": {"runtime": 5}}