{"training_loss": 0.20641429722309113, "training_accuracy": 0.9285714285714286, "validation_loss": 1.1664924621582031, "validation_accuracy": 0.714, "epoch": 199, "_timestamp": 1687295024.4953458, "_runtime": 5.359738826751709, "_step": 200, "test_loss": 1.1253489255905151, "test_accuracy": 0.721, "_wandb": {"runtime": 4}}