{"training_loss": 0.14976689219474792, "training_accuracy": 0.9571428571428572, "validation_loss": 1.2452315092086792, "validation_accuracy": 0.69, "epoch": 200, "_timestamp": 1687297423.4775832, "_runtime": 6.023388147354126, "_step": 200, "test_loss": 1.1573067903518677, "test_accuracy": 0.726, "_wandb": {"runtime": 5}}