{"training_loss": 0.04954726621508598, "training_accuracy": 0.9928571428571429, "validation_loss": 1.9960485696792603, "validation_accuracy": 0.716, "epoch": 200, "_timestamp": 1687311295.769043, "_runtime": 8.74741506576538, "_step": 200, "test_loss": 1.6282365322113037, "test_accuracy": 0.721, "_wandb": {"runtime": 8}}