{"training_loss": 0.05317745730280876, "training_accuracy": 1.0, "validation_loss": 1.0012952089309692, "validation_accuracy": 0.734, "epoch": 200, "_timestamp": 1687314968.233542, "_runtime": 6.671014070510864, "_step": 200, "test_loss": 0.8620046973228455, "test_accuracy": 0.739, "_wandb": {"runtime": 6}}