{"training_loss": 0.04968983680009842, "training_accuracy": 1.0, "validation_loss": 1.6292473077774048, "validation_accuracy": 0.724, "epoch": 200, "_timestamp": 1687297062.592445, "_runtime": 6.815542936325073, "_step": 200, "test_loss": 1.4008941650390625, "test_accuracy": 0.714, "_wandb": {"runtime": 6}}