{"training_loss": 1.7743579149246216, "training_accuracy": 0.2642857142857143, "validation_loss": 1.7937357425689697, "validation_accuracy": 0.312, "epoch": 200, "_timestamp": 1687296139.49101, "_runtime": 5.099622964859009, "_step": 200, "test_loss": 1.7932826280593872, "test_accuracy": 0.301, "_wandb": {"runtime": 4}}