{"training_loss": 0.041583821177482605, "training_accuracy": 0.9928571428571429, "validation_loss": 0.8693457245826721, "validation_accuracy": 0.762, "epoch": 200, "_timestamp": 1687314880.067349, "_runtime": 6.568995952606201, "_step": 200, "test_loss": 0.7807520031929016, "test_accuracy": 0.781, "_wandb": {"runtime": 6}}