{"training_loss": 0.08894304931163788, "training_accuracy": 0.9857142857142858, "validation_loss": 1.231284499168396, "validation_accuracy": 0.7, "epoch": 200, "_timestamp": 1687315034.8947892, "_runtime": 6.985738277435303, "_step": 200, "test_loss": 1.0685467720031738, "test_accuracy": 0.723, "_wandb": {"runtime": 6}}