{"training_loss": 0.3104114234447479, "training_accuracy": 0.9357142857142857, "validation_loss": 1.2009774446487427, "validation_accuracy": 0.71, "epoch": 200, "_timestamp": 1687315739.671127, "_runtime": 6.553217172622681, "_step": 200, "test_loss": 1.1492853164672852, "test_accuracy": 0.709, "_wandb": {"runtime": 5}}