{"training_loss": 0.16142244637012482, "training_accuracy": 0.95, "validation_loss": 1.6846357583999634, "validation_accuracy": 0.748, "epoch": 200, "_timestamp": 1687298028.277102, "_runtime": 8.043436050415039, "_step": 200, "test_loss": 1.8254053592681885, "test_accuracy": 0.73, "_wandb": {"runtime": 7}}