{"training_loss": 0.06091715767979622, "training_accuracy": 1.0, "validation_loss": 0.7894805669784546, "validation_accuracy": 0.77, "epoch": 200, "_timestamp": 1687315070.729836, "_runtime": 5.30176305770874, "_step": 200, "test_loss": 0.7121147513389587, "test_accuracy": 0.779, "_wandb": {"runtime": 4}}