{"training_loss": 0.03039669618010521, "training_accuracy": 1.0, "validation_loss": 0.8515589237213135, "validation_accuracy": 0.752, "epoch": 200, "_timestamp": 1687296422.102793, "_runtime": 7.553729057312012, "_step": 200, "test_loss": 0.755089521408081, "test_accuracy": 0.77, "_wandb": {"runtime": 7}}