{"training_loss": 0.059670399874448776, "training_accuracy": 0.9857142857142858, "validation_loss": 0.8271558880805969, "validation_accuracy": 0.762, "epoch": 200, "_timestamp": 1687312558.8791082, "_runtime": 8.527547121047974, "_step": 200, "test_loss": 0.699588418006897, "test_accuracy": 0.789, "_wandb": {"runtime": 6}}