{"training_loss": 0.3408999443054199, "training_accuracy": 0.9357142857142857, "validation_loss": 0.9343920350074768, "validation_accuracy": 0.708, "epoch": 200, "_timestamp": 1687309265.346988, "_runtime": 4.592915058135986, "_step": 200, "test_loss": 0.8779336214065552, "test_accuracy": 0.74, "_wandb": {"runtime": 3}}