{"training_loss": 0.5402467846870422, "training_accuracy": 0.8642857142857143, "validation_loss": 1.2941827774047852, "validation_accuracy": 0.668, "epoch": 200, "_timestamp": 1687318765.87979, "_runtime": 4.6547651290893555, "_step": 200, "test_loss": 1.2708195447921753, "test_accuracy": 0.657, "_wandb": {"runtime": 4}}