{"training_loss": 0.1995827555656433, "training_accuracy": 0.9357142857142857, "validation_loss": 2.3388421535491943, "validation_accuracy": 0.642, "epoch": 200, "_timestamp": 1687296469.001562, "_runtime": 7.679830074310303, "_step": 200, "test_loss": 2.1605401039123535, "test_accuracy": 0.619, "_wandb": {"runtime": 7}}