{"training_loss": 0.07641804218292236, "training_accuracy": 1.0, "validation_loss": 0.9114866256713867, "validation_accuracy": 0.73, "epoch": 200, "_timestamp": 1687313930.010085, "_runtime": 6.175415992736816, "_step": 200, "test_loss": 0.8301360011100769, "test_accuracy": 0.751, "_wandb": {"runtime": 5}}