{"training_loss": 0.12844125926494598, "training_accuracy": 0.9571428571428572, "validation_loss": 1.3695135116577148, "validation_accuracy": 0.734, "epoch": 200, "_timestamp": 1687298721.58621, "_runtime": 5.283590078353882, "_step": 200, "test_loss": 1.3145445585250854, "test_accuracy": 0.75, "_wandb": {"runtime": 4}}