{"training_loss": 0.11734642088413239, "training_accuracy": 1.0, "validation_loss": 0.9151743054389954, "validation_accuracy": 0.76, "epoch": 200, "_timestamp": 1687310599.423599, "_runtime": 5.520037889480591, "_step": 200, "test_loss": 0.8068105578422546, "test_accuracy": 0.759, "_wandb": {"runtime": 4}}