{"training_loss": 0.4271952509880066, "training_accuracy": 0.9, "validation_loss": 1.1122514009475708, "validation_accuracy": 0.648, "epoch": 200, "_timestamp": 1687319337.218343, "_runtime": 5.598952054977417, "_step": 200, "test_loss": 1.0951159000396729, "test_accuracy": 0.663, "_wandb": {"runtime": 5}}