{"training_loss": 0.051713962107896805, "training_accuracy": 0.9928571428571429, "validation_loss": 0.8206703662872314, "validation_accuracy": 0.74, "epoch": 200, "_timestamp": 1687317159.404296, "_runtime": 7.387663841247559, "_step": 200, "test_loss": 0.7631164789199829, "test_accuracy": 0.765, "_wandb": {"runtime": 6}}