{"training_loss": 1.8610368967056274, "training_accuracy": 0.4785714285714286, "validation_loss": 1.9220622777938843, "validation_accuracy": 0.222, "epoch": 200, "_timestamp": 1687312852.400459, "_runtime": 5.441866159439087, "_step": 200, "test_loss": 1.922511339187622, "test_accuracy": 0.19, "_wandb": {"runtime": 4}}