{"training_loss": 0.10765134543180466, "training_accuracy": 0.9785714285714285, "validation_loss": 0.9830766320228577, "validation_accuracy": 0.736, "epoch": 200, "_timestamp": 1687298474.6732512, "_runtime": 6.170009136199951, "_step": 200, "test_loss": 0.9476354122161865, "test_accuracy": 0.737, "_wandb": {"runtime": 5}}