{"training_loss": 0.06945031136274338, "training_accuracy": 0.9857142857142858, "validation_loss": 1.4492850303649902, "validation_accuracy": 0.734, "epoch": 200, "_timestamp": 1687309302.786442, "_runtime": 7.347548007965088, "_step": 200, "test_loss": 1.138534665107727, "test_accuracy": 0.751, "_wandb": {"runtime": 6}}