{"training_loss": 0.20283661782741547, "training_accuracy": 0.9714285714285714, "validation_loss": 1.1051197052001953, "validation_accuracy": 0.702, "epoch": 200, "_timestamp": 1687296187.8749921, "_runtime": 6.723233222961426, "_step": 200, "test_loss": 0.915812075138092, "test_accuracy": 0.728, "_wandb": {"runtime": 6}}