{"training_loss": 0.2520516812801361, "training_accuracy": 0.95, "validation_loss": 0.8121962547302246, "validation_accuracy": 0.746, "epoch": 200, "_timestamp": 1687296604.212327, "_runtime": 4.459587097167969, "_step": 200, "test_loss": 0.8586469888687134, "test_accuracy": 0.731, "_wandb": {"runtime": 4}}