{"training_loss": 0.1604991853237152, "training_accuracy": 0.95, "validation_loss": 1.0717685222625732, "validation_accuracy": 0.76, "epoch": 200, "_timestamp": 1687309167.228051, "_runtime": 5.800243854522705, "_step": 200, "test_loss": 0.8912763595581055, "test_accuracy": 0.766, "_wandb": {"runtime": 5}}