{"training_loss": 1.0406193733215332, "training_accuracy": 0.6357142857142857, "validation_loss": 1.3630486726760864, "validation_accuracy": 0.606, "epoch": 200, "_timestamp": 1687315963.6029272, "_runtime": 6.397212266921997, "_step": 200, "test_loss": 1.3474782705307007, "test_accuracy": 0.566, "_wandb": {"runtime": 5}}