{"training_loss": 0.1666031777858734, "training_accuracy": 0.9357142857142857, "validation_loss": 1.021377444267273, "validation_accuracy": 0.776, "epoch": 200, "_timestamp": 1687296051.163641, "_runtime": 4.800416946411133, "_step": 200, "test_loss": 0.8939887285232544, "test_accuracy": 0.783, "_wandb": {"runtime": 4}}