{"training_loss": 0.23928231000900269, "training_accuracy": 0.9285714285714286, "validation_loss": 0.8785465955734253, "validation_accuracy": 0.75, "epoch": 200, "_timestamp": 1687318244.259933, "_runtime": 4.3194661140441895, "_step": 200, "test_loss": 0.8434637784957886, "test_accuracy": 0.758, "_wandb": {"runtime": 3}}