{"training_loss": 0.08855199813842773, "training_accuracy": 1.0, "validation_loss": 1.2061229944229126, "validation_accuracy": 0.728, "epoch": 200, "_timestamp": 1687298873.753149, "_runtime": 8.28947114944458, "_step": 200, "test_loss": 1.0027176141738892, "test_accuracy": 0.758, "_wandb": {"runtime": 7}}