{"training_loss": 0.2967984080314636, "training_accuracy": 0.8928571428571429, "validation_loss": 1.2165367603302002, "validation_accuracy": 0.726, "epoch": 200, "_timestamp": 1687311522.143143, "_runtime": 4.686840057373047, "_step": 200, "test_loss": 1.0108659267425537, "test_accuracy": 0.751, "_wandb": {"runtime": 4}}