{"training_loss": 0.7287712097167969, "training_accuracy": 0.6714285714285714, "validation_loss": 2.3662636280059814, "validation_accuracy": 0.572, "epoch": 200, "_timestamp": 1687297780.470626, "_runtime": 6.558320999145508, "_step": 200, "test_loss": 1.9776004552841187, "test_accuracy": 0.569, "_wandb": {"runtime": 6}}