{"training_loss": 0.05922570824623108, "training_accuracy": 1.0, "validation_loss": 0.803645670413971, "validation_accuracy": 0.774, "epoch": 200, "_timestamp": 1687311863.9633, "_runtime": 5.268790006637573, "_step": 200, "test_loss": 0.7412368655204773, "test_accuracy": 0.753, "_wandb": {"runtime": 4}}