{"training_loss": 0.155839204788208, "training_accuracy": 0.9928571428571429, "validation_loss": 0.9044538736343384, "validation_accuracy": 0.732, "epoch": 200, "_timestamp": 1687308145.286824, "_runtime": 5.445724010467529, "_step": 200, "test_loss": 0.8344749808311462, "test_accuracy": 0.741, "_wandb": {"runtime": 4}}