{"training_loss": 1.959236979484558, "training_accuracy": 0.14285714285714285, "validation_loss": 1.9453465938568115, "validation_accuracy": 0.058, "epoch": 0, "_timestamp": 1687294882.0833101, "_runtime": 0.48642516136169434, "_step": 1, "test_loss": 1.9407976865768433, "test_accuracy": 0.064, "_wandb": {"runtime": 0}}