{"training_loss": 0.10672114789485931, "training_accuracy": 1.0, "validation_loss": 1.0305356979370117, "validation_accuracy": 0.67, "epoch": 200, "_timestamp": 1687295908.520042, "_runtime": 6.011013031005859, "_step": 200, "test_loss": 0.9545184373855591, "test_accuracy": 0.722, "_wandb": {"runtime": 5}}