{"training_loss": 0.07854482531547546, "training_accuracy": 0.9928571428571429, "validation_loss": 0.826151430606842, "validation_accuracy": 0.754, "epoch": 200, "_timestamp": 1687316978.388408, "_runtime": 10.11072301864624, "_step": 200, "test_loss": 0.7450789213180542, "test_accuracy": 0.77, "_wandb": {"runtime": 9}}