{"training_loss": 0.31031322479248047, "training_accuracy": 0.9071428571428571, "validation_loss": 0.9993717670440674, "validation_accuracy": 0.736, "epoch": 200, "_timestamp": 1687313128.439643, "_runtime": 4.34483790397644, "_step": 200, "test_loss": 0.9317325353622437, "test_accuracy": 0.738, "_wandb": {"runtime": 3}}