{"training_loss": 0.12454937398433685, "training_accuracy": 0.9928571428571429, "validation_loss": 0.8025931715965271, "validation_accuracy": 0.754, "epoch": 200, "_timestamp": 1687316298.3938649, "_runtime": 7.139595985412598, "_step": 200, "test_loss": 0.7502586841583252, "test_accuracy": 0.774, "_wandb": {"runtime": 6}}