{"training_loss": 0.2234826236963272, "training_accuracy": 0.9571428571428572, "validation_loss": 0.9552140831947327, "validation_accuracy": 0.688, "epoch": 200, "_timestamp": 1687309424.732856, "_runtime": 4.773668050765991, "_step": 200, "test_loss": 0.9246724843978882, "test_accuracy": 0.727, "_wandb": {"runtime": 4}}