{"training_loss": 0.12768638134002686, "training_accuracy": 0.9928571428571429, "validation_loss": 0.8657929301261902, "validation_accuracy": 0.736, "epoch": 200, "_timestamp": 1687308314.428569, "_runtime": 6.070919990539551, "_step": 200, "test_loss": 0.7679401636123657, "test_accuracy": 0.77, "_wandb": {"runtime": 5}}