{"training_loss": 0.05905560031533241, "training_accuracy": 0.9928571428571429, "validation_loss": 0.8882231712341309, "validation_accuracy": 0.74, "epoch": 200, "_timestamp": 1687313896.6558988, "_runtime": 6.745349884033203, "_step": 200, "test_loss": 0.8245991468429565, "test_accuracy": 0.746, "_wandb": {"runtime": 6}}