{"training_loss": 0.3797479569911957, "training_accuracy": 0.8928571428571429, "validation_loss": 1.1200624704360962, "validation_accuracy": 0.676, "epoch": 200, "_timestamp": 1687313270.197549, "_runtime": 5.7083470821380615, "_step": 200, "test_loss": 1.0082769393920898, "test_accuracy": 0.696, "_wandb": {"runtime": 5}}