{"training_loss": 0.13631951808929443, "training_accuracy": 0.9642857142857143, "validation_loss": 1.0298283100128174, "validation_accuracy": 0.702, "epoch": 200, "_timestamp": 1687314012.4711628, "_runtime": 7.052745819091797, "_step": 200, "test_loss": 0.9013967514038086, "test_accuracy": 0.73, "_wandb": {"runtime": 6}}