{"training_loss": 0.050048500299453735, "training_accuracy": 0.9928571428571429, "validation_loss": 0.802891194820404, "validation_accuracy": 0.764, "epoch": 200, "_timestamp": 1687295237.958455, "_runtime": 6.293280124664307, "_step": 200, "test_loss": 0.7115833759307861, "test_accuracy": 0.784, "_wandb": {"runtime": 5}}