{"training_loss": 0.16708219051361084, "training_accuracy": 0.9785714285714285, "validation_loss": 1.202133297920227, "validation_accuracy": 0.75, "epoch": 200, "_timestamp": 1687296649.7268531, "_runtime": 4.701955080032349, "_step": 200, "test_loss": 1.114983320236206, "test_accuracy": 0.757, "_wandb": {"runtime": 4}}