{"training_loss": 0.07698226720094681, "training_accuracy": 0.9785714285714285, "validation_loss": 1.7066408395767212, "validation_accuracy": 0.712, "epoch": 200, "_timestamp": 1687312462.8683121, "_runtime": 10.278393030166626, "_step": 200, "test_loss": 1.5135273933410645, "test_accuracy": 0.716, "_wandb": {"runtime": 9}}