{"training_loss": 0.24212872982025146, "training_accuracy": 0.9285714285714286, "validation_loss": 1.1174753904342651, "validation_accuracy": 0.744, "epoch": 200, "_timestamp": 1687311408.941925, "_runtime": 10.03525710105896, "_step": 200, "test_loss": 1.027349591255188, "test_accuracy": 0.761, "_wandb": {"runtime": 9}}