{"training_loss": 0.5781213045120239, "training_accuracy": 0.7642857142857142, "validation_loss": 1.1491405963897705, "validation_accuracy": 0.7, "epoch": 200, "_timestamp": 1687295283.29248, "_runtime": 5.361257076263428, "_step": 200, "test_loss": 1.0953471660614014, "test_accuracy": 0.689, "_wandb": {"runtime": 5}}