{"training_loss": 0.2500266432762146, "training_accuracy": 0.9357142857142857, "validation_loss": 0.9696701169013977, "validation_accuracy": 0.7, "epoch": 200, "_timestamp": 1687314399.022763, "_runtime": 4.859685897827148, "_step": 200, "test_loss": 0.8950833678245544, "test_accuracy": 0.722, "_wandb": {"runtime": 4}}