{"training_loss": 0.0784626379609108, "training_accuracy": 0.9857142857142858, "validation_loss": 0.7874300479888916, "validation_accuracy": 0.756, "epoch": 200, "_timestamp": 1687308530.949887, "_runtime": 5.471524953842163, "_step": 200, "test_loss": 0.7357335686683655, "test_accuracy": 0.769, "_wandb": {"runtime": 4}}