{"training_loss": 0.5600913763046265, "training_accuracy": 0.9428571428571428, "validation_loss": 1.3434737920761108, "validation_accuracy": 0.654, "epoch": 200, "_timestamp": 1687315101.165013, "_runtime": 4.766896963119507, "_step": 200, "test_loss": 1.320334792137146, "test_accuracy": 0.673, "_wandb": {"runtime": 4}}