{"training_loss": 0.04559781029820442, "training_accuracy": 1.0, "validation_loss": 0.8090622425079346, "validation_accuracy": 0.764, "epoch": 200, "_timestamp": 1687314499.329432, "_runtime": 6.828547954559326, "_step": 200, "test_loss": 0.7258228063583374, "test_accuracy": 0.776, "_wandb": {"runtime": 6}}