{"training_loss": 0.03802631422877312, "training_accuracy": 1.0, "validation_loss": 2.0231289863586426, "validation_accuracy": 0.66, "epoch": 200, "_timestamp": 1687309585.53235, "_runtime": 6.655272006988525, "_step": 200, "test_loss": 2.047341823577881, "test_accuracy": 0.654, "_wandb": {"runtime": 6}}