{"training_loss": 0.339542418718338, "training_accuracy": 0.9142857142857143, "validation_loss": 1.4973409175872803, "validation_accuracy": 0.696, "epoch": 200, "_timestamp": 1687309154.7144399, "_runtime": 4.693804979324341, "_step": 200, "test_loss": 1.320413589477539, "test_accuracy": 0.702, "_wandb": {"runtime": 4}}