{"training_loss": 0.4809552729129791, "training_accuracy": 0.8214285714285714, "validation_loss": 0.9955331087112427, "validation_accuracy": 0.698, "epoch": 200, "_timestamp": 1687298781.26591, "_runtime": 4.135056018829346, "_step": 200, "test_loss": 0.9243978261947632, "test_accuracy": 0.722, "_wandb": {"runtime": 3}}