{"training_loss": 0.12014646828174591, "training_accuracy": 0.9785714285714285, "validation_loss": 0.9178858995437622, "validation_accuracy": 0.73, "epoch": 200, "_timestamp": 1687310686.810907, "_runtime": 3.8996469974517822, "_step": 200, "test_loss": 0.792910635471344, "test_accuracy": 0.759, "_wandb": {"runtime": 3}}