{"training_loss": 0.2285636067390442, "training_accuracy": 0.9642857142857143, "validation_loss": 0.9881295561790466, "validation_accuracy": 0.698, "epoch": 200, "_timestamp": 1687317344.563733, "_runtime": 6.793771982192993, "_step": 200, "test_loss": 0.896245002746582, "test_accuracy": 0.738, "_wandb": {"runtime": 6}}