{"training_loss": 0.1488606035709381, "training_accuracy": 0.9714285714285714, "validation_loss": 1.0122995376586914, "validation_accuracy": 0.68, "epoch": 200, "_timestamp": 1687318430.737047, "_runtime": 5.428564071655273, "_step": 200, "test_loss": 0.9123133420944214, "test_accuracy": 0.708, "_wandb": {"runtime": 4}}