{"training_loss": 0.6228874921798706, "training_accuracy": 0.8357142857142857, "validation_loss": 1.7270795106887817, "validation_accuracy": 0.688, "epoch": 200, "_timestamp": 1687298687.2220721, "_runtime": 4.948544025421143, "_step": 200, "test_loss": 1.4253873825073242, "test_accuracy": 0.718, "_wandb": {"runtime": 4}}