{"training_loss": 0.1036241427063942, "training_accuracy": 0.9928571428571429, "validation_loss": 0.7249040603637695, "validation_accuracy": 0.782, "epoch": 200, "_timestamp": 1687317359.4075809, "_runtime": 6.217284917831421, "_step": 200, "test_loss": 0.7070446014404297, "test_accuracy": 0.781, "_wandb": {"runtime": 5}}