{"training_loss": 0.06474127620458603, "training_accuracy": 0.9928571428571429, "validation_loss": 0.7286542654037476, "validation_accuracy": 0.776, "epoch": 200, "_timestamp": 1687313998.138825, "_runtime": 9.557708024978638, "_step": 200, "test_loss": 0.6747612357139587, "test_accuracy": 0.796, "_wandb": {"runtime": 8}}