{"training_loss": 0.12075956910848618, "training_accuracy": 0.9571428571428572, "validation_loss": 1.3617924451828003, "validation_accuracy": 0.746, "epoch": 200, "_timestamp": 1687298043.647943, "_runtime": 7.229205131530762, "_step": 200, "test_loss": 1.1453460454940796, "test_accuracy": 0.778, "_wandb": {"runtime": 6}}