{"training_loss": 0.033430855721235275, "training_accuracy": 0.9928571428571429, "validation_loss": 1.2408004999160767, "validation_accuracy": 0.752, "epoch": 200, "_timestamp": 1687308283.283156, "_runtime": 6.983269929885864, "_step": 200, "test_loss": 1.0051251649856567, "test_accuracy": 0.792, "_wandb": {"runtime": 6}}