{"training_loss": 0.14920975267887115, "training_accuracy": 0.9642857142857143, "validation_loss": 1.0528934001922607, "validation_accuracy": 0.716, "epoch": 200, "_timestamp": 1687311182.585044, "_runtime": 4.220988988876343, "_step": 200, "test_loss": 0.9170088171958923, "test_accuracy": 0.758, "_wandb": {"runtime": 3}}