{"training_loss": 0.06758645921945572, "training_accuracy": 0.9857142857142858, "validation_loss": 1.7130725383758545, "validation_accuracy": 0.714, "epoch": 200, "_timestamp": 1687319887.476248, "_runtime": 7.5832459926605225, "_step": 200, "test_loss": 1.5513055324554443, "test_accuracy": 0.723, "_wandb": {"runtime": 7}}