{"training_loss": 0.20942422747612, "training_accuracy": 0.9928571428571429, "validation_loss": 1.0028337240219116, "validation_accuracy": 0.688, "epoch": 200, "_timestamp": 1687309599.276795, "_runtime": 4.119266986846924, "_step": 200, "test_loss": 0.9437679648399353, "test_accuracy": 0.719, "_wandb": {"runtime": 3}}