{"training_loss": 0.03339285030961037, "training_accuracy": 0.9928571428571429, "validation_loss": 1.2706058025360107, "validation_accuracy": 0.706, "epoch": 200, "_timestamp": 1687309389.8553758, "_runtime": 5.519761800765991, "_step": 200, "test_loss": 1.2016708850860596, "test_accuracy": 0.737, "_wandb": {"runtime": 4}}