{"training_loss": 0.18598389625549316, "training_accuracy": 0.9785714285714285, "validation_loss": 0.9594245553016663, "validation_accuracy": 0.724, "epoch": 200, "_timestamp": 1687297842.528521, "_runtime": 5.389817953109741, "_step": 200, "test_loss": 0.8911698460578918, "test_accuracy": 0.73, "_wandb": {"runtime": 4}}