{"training_loss": 0.4520396292209625, "training_accuracy": 0.8714285714285714, "validation_loss": 1.467941164970398, "validation_accuracy": 0.62, "epoch": 200, "_timestamp": 1687297997.973462, "_runtime": 9.236329078674316, "_step": 200, "test_loss": 1.3425273895263672, "test_accuracy": 0.661, "_wandb": {"runtime": 4}}