{"training_loss": 0.2084643840789795, "training_accuracy": 0.95, "validation_loss": 0.9263309836387634, "validation_accuracy": 0.744, "epoch": 200, "_timestamp": 1687313016.293417, "_runtime": 4.51855206489563, "_step": 200, "test_loss": 0.8358067274093628, "test_accuracy": 0.765, "_wandb": {"runtime": 3}}