{"training_loss": 0.06655769050121307, "training_accuracy": 0.9857142857142858, "validation_loss": 0.9516804218292236, "validation_accuracy": 0.76, "epoch": 200, "_timestamp": 1687314983.020842, "_runtime": 6.445886135101318, "_step": 200, "test_loss": 0.7948726415634155, "test_accuracy": 0.788, "_wandb": {"runtime": 5}}