{"training_loss": 0.055943459272384644, "training_accuracy": 0.9928571428571429, "validation_loss": 1.247117280960083, "validation_accuracy": 0.714, "epoch": 200, "_timestamp": 1687311389.6670568, "_runtime": 6.066245794296265, "_step": 200, "test_loss": 1.146805763244629, "test_accuracy": 0.747, "_wandb": {"runtime": 5}}