{"training_loss": 0.4916793704032898, "training_accuracy": 0.8571428571428571, "validation_loss": 0.9255836606025696, "validation_accuracy": 0.742, "epoch": 200, "_timestamp": 1687319280.553557, "_runtime": 6.08673882484436, "_step": 200, "test_loss": 0.8886454105377197, "test_accuracy": 0.747, "_wandb": {"runtime": 5}}