{"training_loss": 0.266497939825058, "training_accuracy": 0.9142857142857143, "validation_loss": 1.056498408317566, "validation_accuracy": 0.682, "epoch": 200, "_timestamp": 1687311906.3372831, "_runtime": 6.163340091705322, "_step": 200, "test_loss": 0.9544628858566284, "test_accuracy": 0.716, "_wandb": {"runtime": 5}}