{"training_loss": 0.3152519166469574, "training_accuracy": 0.9714285714285714, "validation_loss": 1.006446123123169, "validation_accuracy": 0.774, "epoch": 200, "_timestamp": 1687297338.364188, "_runtime": 4.686022996902466, "_step": 200, "test_loss": 0.9367359280586243, "test_accuracy": 0.757, "_wandb": {"runtime": 4}}