{"training_loss": 0.06915267556905746, "training_accuracy": 0.9857142857142858, "validation_loss": 1.6836068630218506, "validation_accuracy": 0.706, "epoch": 200, "_timestamp": 1687298553.991596, "_runtime": 7.267183065414429, "_step": 200, "test_loss": 1.5615415573120117, "test_accuracy": 0.74, "_wandb": {"runtime": 6}}