{"training_loss": 1.529779314994812, "training_accuracy": 0.7071428571428572, "validation_loss": 1.7742023468017578, "validation_accuracy": 0.482, "epoch": 200, "_timestamp": 1687317411.137897, "_runtime": 5.788422107696533, "_step": 200, "test_loss": 1.7745198011398315, "test_accuracy": 0.48, "_wandb": {"runtime": 5}}