{"training_loss": 0.19290325045585632, "training_accuracy": 0.9142857142857143, "validation_loss": 1.8691411018371582, "validation_accuracy": 0.716, "epoch": 200, "_timestamp": 1687296484.9598231, "_runtime": 8.10273814201355, "_step": 200, "test_loss": 1.866770625114441, "test_accuracy": 0.711, "_wandb": {"runtime": 7}}