{"training_loss": 0.4291400611400604, "training_accuracy": 0.8714285714285714, "validation_loss": 1.1999835968017578, "validation_accuracy": 0.688, "epoch": 200, "_timestamp": 1687318231.649583, "_runtime": 7.369422197341919, "_step": 200, "test_loss": 1.1106051206588745, "test_accuracy": 0.703, "_wandb": {"runtime": 6}}