{"training_loss": 0.1498967707157135, "training_accuracy": 0.95, "validation_loss": 1.5541424751281738, "validation_accuracy": 0.716, "epoch": 200, "_timestamp": 1687310625.619209, "_runtime": 5.880076169967651, "_step": 200, "test_loss": 1.2511420249938965, "test_accuracy": 0.739, "_wandb": {"runtime": 5}}