{"training_loss": 0.2538263201713562, "training_accuracy": 0.9285714285714286, "validation_loss": 1.0234352350234985, "validation_accuracy": 0.706, "epoch": 200, "_timestamp": 1687309051.9705951, "_runtime": 4.617268085479736, "_step": 200, "test_loss": 0.9992597103118896, "test_accuracy": 0.726, "_wandb": {"runtime": 4}}