{"training_loss": 0.04254063963890076, "training_accuracy": 1.0, "validation_loss": 0.8274469375610352, "validation_accuracy": 0.766, "epoch": 200, "_timestamp": 1687316946.9977229, "_runtime": 10.050688982009888, "_step": 200, "test_loss": 0.7176461219787598, "test_accuracy": 0.778, "_wandb": {"runtime": 9}}