{"training_loss": 0.08455470949411392, "training_accuracy": 0.9857142857142858, "validation_loss": 1.437458872795105, "validation_accuracy": 0.742, "epoch": 200, "_timestamp": 1687297106.6022882, "_runtime": 4.6792731285095215, "_step": 200, "test_loss": 1.1805450916290283, "test_accuracy": 0.751, "_wandb": {"runtime": 4}}