{"training_loss": 0.6543957591056824, "training_accuracy": 0.7285714285714285, "validation_loss": 1.238840103149414, "validation_accuracy": 0.596, "epoch": 200, "_timestamp": 1687315870.516246, "_runtime": 7.200225114822388, "_step": 200, "test_loss": 1.219394564628601, "test_accuracy": 0.621, "_wandb": {"runtime": 6}}