{"training_loss": 0.2675651013851166, "training_accuracy": 0.9285714285714286, "validation_loss": 1.2833343744277954, "validation_accuracy": 0.706, "epoch": 200, "_timestamp": 1687314610.367048, "_runtime": 5.127713918685913, "_step": 200, "test_loss": 1.1538461446762085, "test_accuracy": 0.73, "_wandb": {"runtime": 4}}