{"training_loss": 1.8685550689697266, "training_accuracy": 0.5357142857142857, "validation_loss": 1.9066663980484009, "validation_accuracy": 0.328, "epoch": 200, "_timestamp": 1687297972.12002, "_runtime": 4.2536540031433105, "_step": 200, "test_loss": 1.907310128211975, "test_accuracy": 0.346, "_wandb": {"runtime": 3}}