{"training_loss": 0.062342800199985504, "training_accuracy": 0.9928571428571429, "validation_loss": 1.7497669458389282, "validation_accuracy": 0.72, "epoch": 200, "_timestamp": 1687313115.896677, "_runtime": 7.604690074920654, "_step": 200, "test_loss": 1.4540547132492065, "test_accuracy": 0.736, "_wandb": {"runtime": 7}}