{"training_loss": 0.18134379386901855, "training_accuracy": 0.9642857142857143, "validation_loss": 1.1236763000488281, "validation_accuracy": 0.702, "epoch": 200, "_timestamp": 1687314690.880806, "_runtime": 3.8276309967041016, "_step": 200, "test_loss": 1.0028210878372192, "test_accuracy": 0.732, "_wandb": {"runtime": 3}}