{"training_loss": 0.19633083045482635, "training_accuracy": 0.9714285714285714, "validation_loss": 0.8935511708259583, "validation_accuracy": 0.736, "epoch": 200, "_timestamp": 1687312955.5813398, "_runtime": 6.042808771133423, "_step": 200, "test_loss": 0.819146990776062, "test_accuracy": 0.739, "_wandb": {"runtime": 5}}