{"training_loss": 0.05518544092774391, "training_accuracy": 0.9857142857142858, "validation_loss": 0.9697523713111877, "validation_accuracy": 0.758, "epoch": 200, "_timestamp": 1687313787.222322, "_runtime": 5.853276014328003, "_step": 200, "test_loss": 0.8250028491020203, "test_accuracy": 0.774, "_wandb": {"runtime": 5}}