{"training_loss": 1.856088638305664, "training_accuracy": 0.6357142857142857, "validation_loss": 1.9067752361297607, "validation_accuracy": 0.496, "epoch": 200, "_timestamp": 1687320171.489634, "_runtime": 7.736384153366089, "_step": 200, "test_loss": 1.9044421911239624, "test_accuracy": 0.489, "_wandb": {"runtime": 7}}