{"training_loss": 0.2072853296995163, "training_accuracy": 0.9785714285714285, "validation_loss": 0.9140329957008362, "validation_accuracy": 0.718, "epoch": 200, "_timestamp": 1687295206.758206, "_runtime": 5.4764299392700195, "_step": 200, "test_loss": 0.8601313233375549, "test_accuracy": 0.741, "_wandb": {"runtime": 5}}