{"training_loss": 0.4399378001689911, "training_accuracy": 0.9428571428571428, "validation_loss": 1.287658452987671, "validation_accuracy": 0.636, "epoch": 200, "_timestamp": 1687316768.4421089, "_runtime": 5.862717866897583, "_step": 200, "test_loss": 1.2681092023849487, "test_accuracy": 0.635, "_wandb": {"runtime": 5}}