{"training_loss": 0.2664822041988373, "training_accuracy": 0.9571428571428572, "validation_loss": 1.0383731126785278, "validation_accuracy": 0.662, "epoch": 200, "_timestamp": 1687314645.23767, "_runtime": 4.03541898727417, "_step": 200, "test_loss": 0.9825570583343506, "test_accuracy": 0.705, "_wandb": {"runtime": 3}}