{"training_loss": 0.140254944562912, "training_accuracy": 0.95, "validation_loss": 1.159232497215271, "validation_accuracy": 0.748, "epoch": 200, "_timestamp": 1687296260.6508532, "_runtime": 6.74395227432251, "_step": 200, "test_loss": 0.959276556968689, "test_accuracy": 0.763, "_wandb": {"runtime": 6}}