{"training_loss": 1.2990869283676147, "training_accuracy": 0.42142857142857143, "validation_loss": 1.6121017932891846, "validation_accuracy": 0.282, "epoch": 200, "_timestamp": 1687295695.2994728, "_runtime": 6.253229856491089, "_step": 200, "test_loss": 1.5722124576568604, "test_accuracy": 0.266, "_wandb": {"runtime": 5}}