{"training_loss": 0.38602834939956665, "training_accuracy": 0.9, "validation_loss": 1.3910120725631714, "validation_accuracy": 0.688, "epoch": 200, "_timestamp": 1687296098.86795, "_runtime": 4.511384010314941, "_step": 200, "test_loss": 1.2818726301193237, "test_accuracy": 0.708, "_wandb": {"runtime": 4}}