{"training_loss": 0.11727867275476456, "training_accuracy": 0.9785714285714285, "validation_loss": 1.3151352405548096, "validation_accuracy": 0.724, "epoch": 200, "_timestamp": 1687298627.857119, "_runtime": 6.71827507019043, "_step": 200, "test_loss": 1.2210476398468018, "test_accuracy": 0.739, "_wandb": {"runtime": 6}}