{"training_loss": 0.049899663776159286, "training_accuracy": 0.9857142857142858, "validation_loss": 1.3100119829177856, "validation_accuracy": 0.748, "epoch": 200, "_timestamp": 1687314914.698708, "_runtime": 5.285614967346191, "_step": 200, "test_loss": 1.139458417892456, "test_accuracy": 0.766, "_wandb": {"runtime": 4}}