{"training_loss": 0.09733264148235321, "training_accuracy": 0.9785714285714285, "validation_loss": 2.103908061981201, "validation_accuracy": 0.714, "epoch": 200, "_timestamp": 1687295606.087808, "_runtime": 4.954869985580444, "_step": 200, "test_loss": 1.9603432416915894, "test_accuracy": 0.711, "_wandb": {"runtime": 4}}