{"training_loss": 0.03490990400314331, "training_accuracy": 1.0, "validation_loss": 0.8056396842002869, "validation_accuracy": 0.748, "epoch": 200, "_timestamp": 1687317294.534404, "_runtime": 7.283504009246826, "_step": 200, "test_loss": 0.746540367603302, "test_accuracy": 0.766, "_wandb": {"runtime": 6}}