{"training_loss": 0.04233509674668312, "training_accuracy": 1.0, "validation_loss": 1.685126543045044, "validation_accuracy": 0.73, "epoch": 200, "_timestamp": 1687295395.548028, "_runtime": 9.494570016860962, "_step": 200, "test_loss": 1.515840768814087, "test_accuracy": 0.741, "_wandb": {"runtime": 9}}