{"training_loss": 0.028105465695261955, "training_accuracy": 1.0, "validation_loss": 0.9357632398605347, "validation_accuracy": 0.758, "epoch": 200, "_timestamp": 1687310642.514905, "_runtime": 6.946336984634399, "_step": 200, "test_loss": 0.8055899739265442, "test_accuracy": 0.777, "_wandb": {"runtime": 6}}