{"training_loss": 0.04280903562903404, "training_accuracy": 1.0, "validation_loss": 0.8676486015319824, "validation_accuracy": 0.746, "epoch": 200, "_timestamp": 1687298815.231699, "_runtime": 7.083492994308472, "_step": 200, "test_loss": 0.7723513841629028, "test_accuracy": 0.766, "_wandb": {"runtime": 6}}