{"training_loss": 0.17824169993400574, "training_accuracy": 0.9785714285714285, "validation_loss": 0.923738956451416, "validation_accuracy": 0.704, "epoch": 200, "_timestamp": 1687311120.571706, "_runtime": 4.252601146697998, "_step": 200, "test_loss": 0.8687981367111206, "test_accuracy": 0.731, "_wandb": {"runtime": 3}}