{"training_loss": 1.729703426361084, "training_accuracy": 0.9, "validation_loss": 1.8770283460617065, "validation_accuracy": 0.502, "epoch": 200, "_timestamp": 1687309220.765928, "_runtime": 7.651782035827637, "_step": 200, "test_loss": 1.8747364282608032, "test_accuracy": 0.516, "_wandb": {"runtime": 7}}