{"training_loss": 0.0666487067937851, "training_accuracy": 0.9857142857142858, "validation_loss": 0.9779694676399231, "validation_accuracy": 0.692, "epoch": 200, "_timestamp": 1687317458.739546, "_runtime": 7.853893041610718, "_step": 200, "test_loss": 0.8756251931190491, "test_accuracy": 0.726, "_wandb": {"runtime": 7}}