{"training_loss": 1.271585464477539, "training_accuracy": 0.4785714285714286, "validation_loss": 1.4192256927490234, "validation_accuracy": 0.374, "epoch": 200, "_timestamp": 1687313052.217129, "_runtime": 5.975557088851929, "_step": 200, "test_loss": 1.4091554880142212, "test_accuracy": 0.381, "_wandb": {"runtime": 5}}