{"training_loss": 0.0453709177672863, "training_accuracy": 1.0, "validation_loss": 0.8649219274520874, "validation_accuracy": 0.75, "epoch": 200, "_timestamp": 1687297510.327283, "_runtime": 5.930593013763428, "_step": 200, "test_loss": 0.7484139800071716, "test_accuracy": 0.767, "_wandb": {"runtime": 5}}