{"training_loss": 0.3525938391685486, "training_accuracy": 0.9428571428571428, "validation_loss": 1.0507047176361084, "validation_accuracy": 0.692, "epoch": 200, "_timestamp": 1687313234.153501, "_runtime": 5.739521026611328, "_step": 200, "test_loss": 1.0160468816757202, "test_accuracy": 0.719, "_wandb": {"runtime": 5}}