{"training_loss": 0.027427995577454567, "training_accuracy": 1.0, "validation_loss": 0.9049772024154663, "validation_accuracy": 0.726, "epoch": 200, "_timestamp": 1687309684.666142, "_runtime": 6.2260520458221436, "_step": 200, "test_loss": 0.7811903953552246, "test_accuracy": 0.757, "_wandb": {"runtime": 5}}