{"training_loss": 0.140194371342659, "training_accuracy": 0.95, "validation_loss": 0.9271978139877319, "validation_accuracy": 0.728, "epoch": 200, "_timestamp": 1687311683.3695848, "_runtime": 5.093502759933472, "_step": 200, "test_loss": 0.8095277547836304, "test_accuracy": 0.741, "_wandb": {"runtime": 4}}