{"training_loss": 0.30752959847450256, "training_accuracy": 0.9571428571428572, "validation_loss": 0.9104487299919128, "validation_accuracy": 0.718, "epoch": 200, "_timestamp": 1687312660.2347908, "_runtime": 4.932007789611816, "_step": 200, "test_loss": 0.8581200838088989, "test_accuracy": 0.737, "_wandb": {"runtime": 4}}