{"training_loss": 0.0534735769033432, "training_accuracy": 0.9857142857142858, "validation_loss": 1.1435437202453613, "validation_accuracy": 0.746, "epoch": 200, "_timestamp": 1687316226.942655, "_runtime": 7.323215007781982, "_step": 200, "test_loss": 0.9620281457901001, "test_accuracy": 0.783, "_wandb": {"runtime": 6}}