{"training_loss": 1.2869817018508911, "training_accuracy": 0.9214285714285714, "validation_loss": 1.7292139530181885, "validation_accuracy": 0.624, "epoch": 200, "_timestamp": 1687311767.5631301, "_runtime": 6.756636142730713, "_step": 200, "test_loss": 1.7096627950668335, "test_accuracy": 0.632, "_wandb": {"runtime": 6}}