{"training_loss": 1.6471519470214844, "training_accuracy": 0.6642857142857143, "validation_loss": 1.8688331842422485, "validation_accuracy": 0.376, "epoch": 200, "_timestamp": 1687318947.65232, "_runtime": 4.413043975830078, "_step": 200, "test_loss": 1.8608152866363525, "test_accuracy": 0.386, "_wandb": {"runtime": 3}}