{"training_loss": 0.5882124304771423, "training_accuracy": 0.7928571428571428, "validation_loss": 1.49909245967865, "validation_accuracy": 0.666, "epoch": 200, "_timestamp": 1687298457.98077, "_runtime": 4.602751016616821, "_step": 200, "test_loss": 1.3672821521759033, "test_accuracy": 0.688, "_wandb": {"runtime": 4}}