{"training_loss": 0.0871964767575264, "training_accuracy": 0.9785714285714285, "validation_loss": 0.9662147760391235, "validation_accuracy": 0.762, "epoch": 200, "_timestamp": 1687296114.922135, "_runtime": 6.8849852085113525, "_step": 200, "test_loss": 0.8996220231056213, "test_accuracy": 0.768, "_wandb": {"runtime": 6}}