{"training_loss": 0.4680614471435547, "training_accuracy": 0.95, "validation_loss": 1.071512222290039, "validation_accuracy": 0.702, "epoch": 200, "_timestamp": 1687295863.3868108, "_runtime": 6.459900856018066, "_step": 200, "test_loss": 1.0572445392608643, "test_accuracy": 0.718, "_wandb": {"runtime": 6}}