{"training_loss": 0.5574202537536621, "training_accuracy": 0.8857142857142857, "validation_loss": 1.1097230911254883, "validation_accuracy": 0.718, "epoch": 200, "_timestamp": 1687316384.9505432, "_runtime": 5.3549580574035645, "_step": 200, "test_loss": 1.0613890886306763, "test_accuracy": 0.723, "_wandb": {"runtime": 4}}