{"training_loss": 0.21443307399749756, "training_accuracy": 0.9642857142857143, "validation_loss": 1.0598087310791016, "validation_accuracy": 0.704, "epoch": 200, "_timestamp": 1687313435.3647842, "_runtime": 4.930062294006348, "_step": 200, "test_loss": 0.8931710124015808, "test_accuracy": 0.724, "_wandb": {"runtime": 4}}