{"training_loss": 1.7765108346939087, "training_accuracy": 0.8071428571428572, "validation_loss": 1.89661705493927, "validation_accuracy": 0.492, "epoch": 200, "_timestamp": 1687319453.321023, "_runtime": 7.833606004714966, "_step": 200, "test_loss": 1.8922793865203857, "test_accuracy": 0.497, "_wandb": {"runtime": 7}}