{"training_loss": 0.16747482120990753, "training_accuracy": 0.9642857142857143, "validation_loss": 0.852783739566803, "validation_accuracy": 0.732, "epoch": 200, "_timestamp": 1687296077.5126631, "_runtime": 4.871132135391235, "_step": 200, "test_loss": 0.7612753510475159, "test_accuracy": 0.757, "_wandb": {"runtime": 4}}