{"training_loss": 0.1594359427690506, "training_accuracy": 0.9785714285714285, "validation_loss": 1.0848300457000732, "validation_accuracy": 0.676, "epoch": 200, "_timestamp": 1687313300.6203918, "_runtime": 5.076791763305664, "_step": 200, "test_loss": 0.940768301486969, "test_accuracy": 0.709, "_wandb": {"runtime": 4}}