{"training_loss": 0.2020384520292282, "training_accuracy": 0.9857142857142858, "validation_loss": 0.8461164236068726, "validation_accuracy": 0.752, "epoch": 200, "_timestamp": 1687309470.802182, "_runtime": 5.460033893585205, "_step": 200, "test_loss": 0.8244609832763672, "test_accuracy": 0.756, "_wandb": {"runtime": 4}}