{"training_loss": 0.11318329721689224, "training_accuracy": 0.9571428571428572, "validation_loss": 1.5825430154800415, "validation_accuracy": 0.762, "epoch": 200, "_timestamp": 1687309670.5985658, "_runtime": 7.786135911941528, "_step": 200, "test_loss": 1.2820334434509277, "test_accuracy": 0.777, "_wandb": {"runtime": 7}}