{"training_loss": 0.35669198632240295, "training_accuracy": 0.8714285714285714, "validation_loss": 1.5935224294662476, "validation_accuracy": 0.698, "epoch": 200, "_timestamp": 1687297461.52929, "_runtime": 7.251805067062378, "_step": 200, "test_loss": 1.3671015501022339, "test_accuracy": 0.719, "_wandb": {"runtime": 6}}