{"training_loss": 0.030121898278594017, "training_accuracy": 0.9928571428571429, "validation_loss": 0.9167455434799194, "validation_accuracy": 0.732, "epoch": 200, "_timestamp": 1687319295.173113, "_runtime": 5.686063051223755, "_step": 200, "test_loss": 0.8104141354560852, "test_accuracy": 0.754, "_wandb": {"runtime": 5}}