{"training_loss": 0.20848508179187775, "training_accuracy": 0.9428571428571428, "validation_loss": 1.1292399168014526, "validation_accuracy": 0.736, "epoch": 200, "_timestamp": 1687313093.0816681, "_runtime": 5.831846237182617, "_step": 200, "test_loss": 1.1247432231903076, "test_accuracy": 0.737, "_wandb": {"runtime": 5}}