{"training_loss": 0.16032059490680695, "training_accuracy": 0.9571428571428572, "validation_loss": 0.8967578411102295, "validation_accuracy": 0.742, "epoch": 200, "_timestamp": 1687298658.1327932, "_runtime": 6.5152952671051025, "_step": 200, "test_loss": 0.7580903172492981, "test_accuracy": 0.777, "_wandb": {"runtime": 6}}