{"training_loss": 0.36382484436035156, "training_accuracy": 0.9357142857142857, "validation_loss": 0.9596560597419739, "validation_accuracy": 0.732, "epoch": 200, "_timestamp": 1687295424.266976, "_runtime": 7.606461048126221, "_step": 200, "test_loss": 0.9074533581733704, "test_accuracy": 0.745, "_wandb": {"runtime": 7}}