{"training_loss": 0.05890287831425667, "training_accuracy": 1.0, "validation_loss": 0.8736085891723633, "validation_accuracy": 0.758, "epoch": 200, "_timestamp": 1687295123.387109, "_runtime": 5.102582931518555, "_step": 200, "test_loss": 0.8686975836753845, "test_accuracy": 0.753, "_wandb": {"runtime": 4}}