{"training_loss": 0.047008611261844635, "training_accuracy": 1.0, "validation_loss": 0.9574864506721497, "validation_accuracy": 0.77, "epoch": 200, "_timestamp": 1687318481.6589499, "_runtime": 9.342578887939453, "_step": 200, "test_loss": 0.8190132975578308, "test_accuracy": 0.782, "_wandb": {"runtime": 8}}