{"training_loss": 0.1802469789981842, "training_accuracy": 0.95, "validation_loss": 1.1834169626235962, "validation_accuracy": 0.744, "epoch": 200, "_timestamp": 1687308618.666243, "_runtime": 5.436877012252808, "_step": 200, "test_loss": 1.1289629936218262, "test_accuracy": 0.752, "_wandb": {"runtime": 4}}