{"training_loss": 0.4655250608921051, "training_accuracy": 0.8285714285714286, "validation_loss": 1.3790582418441772, "validation_accuracy": 0.628, "epoch": 200, "_timestamp": 1687313801.331012, "_runtime": 4.988227128982544, "_step": 200, "test_loss": 1.3100272417068481, "test_accuracy": 0.648, "_wandb": {"runtime": 4}}