{"training_loss": 0.17303895950317383, "training_accuracy": 0.9428571428571428, "validation_loss": 1.2156503200531006, "validation_accuracy": 0.674, "epoch": 200, "_timestamp": 1687318183.967325, "_runtime": 5.9845380783081055, "_step": 200, "test_loss": 1.0952656269073486, "test_accuracy": 0.697, "_wandb": {"runtime": 5}}