{"training_loss": 0.1275191754102707, "training_accuracy": 0.9714285714285714, "validation_loss": 1.289648413658142, "validation_accuracy": 0.726, "epoch": 200, "_timestamp": 1687311983.150663, "_runtime": 5.346787929534912, "_step": 200, "test_loss": 1.1054755449295044, "test_accuracy": 0.733, "_wandb": {"runtime": 4}}