{"training_loss": 0.09637092053890228, "training_accuracy": 1.0, "validation_loss": 0.8594780564308167, "validation_accuracy": 0.728, "epoch": 200, "_timestamp": 1687317261.668994, "_runtime": 6.283968925476074, "_step": 200, "test_loss": 0.7701558470726013, "test_accuracy": 0.766, "_wandb": {"runtime": 5}}