{"training_loss": 0.10202541947364807, "training_accuracy": 0.9857142857142858, "validation_loss": 1.7455557584762573, "validation_accuracy": 0.67, "epoch": 200, "_timestamp": 1687312811.46989, "_runtime": 6.850273132324219, "_step": 200, "test_loss": 1.3303569555282593, "test_accuracy": 0.71, "_wandb": {"runtime": 6}}