{"training_loss": 0.17746278643608093, "training_accuracy": 0.95, "validation_loss": 0.8517979979515076, "validation_accuracy": 0.736, "epoch": 200, "_timestamp": 1687314412.367367, "_runtime": 3.848158121109009, "_step": 200, "test_loss": 0.7803531885147095, "test_accuracy": 0.772, "_wandb": {"runtime": 3}}