{"training_loss": 1.1714028120040894, "training_accuracy": 0.8, "validation_loss": 1.5971392393112183, "validation_accuracy": 0.552, "epoch": 200, "_timestamp": 1687319140.926774, "_runtime": 5.900942087173462, "_step": 200, "test_loss": 1.5874475240707397, "test_accuracy": 0.555, "_wandb": {"runtime": 5}}