{"training_loss": 0.05330807715654373, "training_accuracy": 0.9857142857142858, "validation_loss": 1.0996497869491577, "validation_accuracy": 0.748, "epoch": 200, "_timestamp": 1687309031.6941152, "_runtime": 5.559577226638794, "_step": 200, "test_loss": 0.9826260805130005, "test_accuracy": 0.777, "_wandb": {"runtime": 4}}