{"training_loss": 0.22592905163764954, "training_accuracy": 0.9857142857142858, "validation_loss": 1.1409831047058105, "validation_accuracy": 0.662, "epoch": 200, "_timestamp": 1687312686.342172, "_runtime": 5.640671968460083, "_step": 200, "test_loss": 1.0927681922912598, "test_accuracy": 0.705, "_wandb": {"runtime": 5}}