{"training_loss": 0.10343704372644424, "training_accuracy": 0.9785714285714285, "validation_loss": 0.8113031387329102, "validation_accuracy": 0.76, "epoch": 200, "_timestamp": 1687297445.148222, "_runtime": 6.404088973999023, "_step": 200, "test_loss": 0.7225763201713562, "test_accuracy": 0.769, "_wandb": {"runtime": 6}}