{"training_loss": 0.0570448562502861, "training_accuracy": 0.9928571428571429, "validation_loss": 1.042834758758545, "validation_accuracy": 0.688, "epoch": 200, "_timestamp": 1687312707.68211, "_runtime": 5.986824035644531, "_step": 200, "test_loss": 0.9181926846504211, "test_accuracy": 0.706, "_wandb": {"runtime": 5}}