{"training_loss": 0.2206178456544876, "training_accuracy": 0.95, "validation_loss": 1.2274657487869263, "validation_accuracy": 0.718, "epoch": 200, "_timestamp": 1687316270.35857, "_runtime": 4.573942184448242, "_step": 200, "test_loss": 1.0845682621002197, "test_accuracy": 0.736, "_wandb": {"runtime": 4}}