{"training_loss": 0.039887234568595886, "training_accuracy": 1.0, "validation_loss": 0.8629610538482666, "validation_accuracy": 0.766, "epoch": 200, "_timestamp": 1687313959.555285, "_runtime": 7.1700849533081055, "_step": 200, "test_loss": 0.7652985453605652, "test_accuracy": 0.773, "_wandb": {"runtime": 6}}