{"training_loss": 0.6046828627586365, "training_accuracy": 0.7571428571428571, "validation_loss": 1.2311348915100098, "validation_accuracy": 0.652, "epoch": 200, "_timestamp": 1687298756.2966669, "_runtime": 5.073291778564453, "_step": 200, "test_loss": 1.1598864793777466, "test_accuracy": 0.67, "_wandb": {"runtime": 4}}