{"training_loss": 0.048196468502283096, "training_accuracy": 1.0, "validation_loss": 0.8773010969161987, "validation_accuracy": 0.75, "epoch": 200, "_timestamp": 1687311055.999439, "_runtime": 6.995434999465942, "_step": 200, "test_loss": 0.7694656252861023, "test_accuracy": 0.765, "_wandb": {"runtime": 6}}