{"training_loss": 0.11572972685098648, "training_accuracy": 0.9857142857142858, "validation_loss": 0.9301282167434692, "validation_accuracy": 0.764, "epoch": 200, "_timestamp": 1687315680.049977, "_runtime": 5.150520086288452, "_step": 200, "test_loss": 0.8234131336212158, "test_accuracy": 0.776, "_wandb": {"runtime": 4}}