{"training_loss": 0.20699970424175262, "training_accuracy": 0.9571428571428572, "validation_loss": 0.975725531578064, "validation_accuracy": 0.76, "epoch": 200, "_timestamp": 1687318213.951672, "_runtime": 4.877559185028076, "_step": 200, "test_loss": 0.8771621584892273, "test_accuracy": 0.762, "_wandb": {"runtime": 4}}