{"training_loss": 0.1125209629535675, "training_accuracy": 0.9928571428571429, "validation_loss": 1.0569560527801514, "validation_accuracy": 0.72, "epoch": 200, "_timestamp": 1687319227.649786, "_runtime": 4.706459999084473, "_step": 200, "test_loss": 0.9426628351211548, "test_accuracy": 0.725, "_wandb": {"runtime": 4}}