{"training_loss": 0.10586941242218018, "training_accuracy": 0.9785714285714285, "validation_loss": 1.4275319576263428, "validation_accuracy": 0.722, "epoch": 200, "_timestamp": 1687312910.1967208, "_runtime": 6.818789720535278, "_step": 200, "test_loss": 1.1620296239852905, "test_accuracy": 0.765, "_wandb": {"runtime": 6}}