{"training_loss": 0.03556013107299805, "training_accuracy": 0.9928571428571429, "validation_loss": 1.2441524267196655, "validation_accuracy": 0.74, "epoch": 200, "_timestamp": 1687308011.500184, "_runtime": 7.8055360317230225, "_step": 200, "test_loss": 1.1686851978302002, "test_accuracy": 0.766, "_wandb": {"runtime": 6}}