{"training_loss": 0.2888185679912567, "training_accuracy": 0.95, "validation_loss": 0.9568043947219849, "validation_accuracy": 0.732, "epoch": 200, "_timestamp": 1687315049.479137, "_runtime": 5.322290897369385, "_step": 200, "test_loss": 0.8462129831314087, "test_accuracy": 0.751, "_wandb": {"runtime": 4}}