{"training_loss": 0.06580062955617905, "training_accuracy": 1.0, "validation_loss": 0.7989444732666016, "validation_accuracy": 0.756, "epoch": 200, "_timestamp": 1687296704.7482219, "_runtime": 7.235047817230225, "_step": 200, "test_loss": 0.7434024214744568, "test_accuracy": 0.776, "_wandb": {"runtime": 6}}