{"training_loss": 0.10778828710317612, "training_accuracy": 0.9642857142857143, "validation_loss": 0.8464522957801819, "validation_accuracy": 0.768, "epoch": 200, "_timestamp": 1687312619.972288, "_runtime": 7.297466993331909, "_step": 200, "test_loss": 0.8080288767814636, "test_accuracy": 0.776, "_wandb": {"runtime": 6}}