{"training_loss": 0.06891782581806183, "training_accuracy": 0.9928571428571429, "validation_loss": 0.9542356133460999, "validation_accuracy": 0.762, "epoch": 200, "_timestamp": 1687298828.5106611, "_runtime": 4.699510097503662, "_step": 200, "test_loss": 0.8051366806030273, "test_accuracy": 0.792, "_wandb": {"runtime": 4}}