{"training_loss": 0.4617637097835541, "training_accuracy": 0.95, "validation_loss": 1.0656912326812744, "validation_accuracy": 0.738, "epoch": 200, "_timestamp": 1687318057.3805811, "_runtime": 8.72641921043396, "_step": 200, "test_loss": 1.0389139652252197, "test_accuracy": 0.749, "_wandb": {"runtime": 8}}