{"training_loss": 0.07420717924833298, "training_accuracy": 0.9857142857142858, "validation_loss": 0.9398736357688904, "validation_accuracy": 0.746, "epoch": 200, "_timestamp": 1687295176.102459, "_runtime": 5.244037866592407, "_step": 200, "test_loss": 0.8310036063194275, "test_accuracy": 0.771, "_wandb": {"runtime": 4}}