{"training_loss": 0.7515323162078857, "training_accuracy": 0.7571428571428571, "validation_loss": 1.0927282571792603, "validation_accuracy": 0.656, "epoch": 200, "_timestamp": 1687297597.059683, "_runtime": 4.408020973205566, "_step": 200, "test_loss": 1.0957849025726318, "test_accuracy": 0.661, "_wandb": {"runtime": 4}}