{"training_loss": 0.15288613736629486, "training_accuracy": 0.9571428571428572, "validation_loss": 1.1979055404663086, "validation_accuracy": 0.724, "epoch": 200, "_timestamp": 1687313005.6165388, "_runtime": 5.063734769821167, "_step": 200, "test_loss": 1.139628291130066, "test_accuracy": 0.735, "_wandb": {"runtime": 4}}