{"training_loss": 0.5750373005867004, "training_accuracy": 0.7928571428571428, "validation_loss": 1.2299206256866455, "validation_accuracy": 0.696, "epoch": 200, "_timestamp": 1687297731.010444, "_runtime": 5.159003973007202, "_step": 200, "test_loss": 1.151915431022644, "test_accuracy": 0.714, "_wandb": {"runtime": 4}}