{"training_loss": 0.08806239068508148, "training_accuracy": 0.9714285714285714, "validation_loss": 1.725855827331543, "validation_accuracy": 0.772, "epoch": 200, "_timestamp": 1687295465.856492, "_runtime": 7.474146127700806, "_step": 200, "test_loss": 1.3473981618881226, "test_accuracy": 0.776, "_wandb": {"runtime": 7}}