{"training_loss": 0.5601959824562073, "training_accuracy": 0.8642857142857143, "validation_loss": 1.04507315158844, "validation_accuracy": 0.694, "epoch": 200, "_timestamp": 1687313255.598861, "_runtime": 6.213346004486084, "_step": 200, "test_loss": 1.0229096412658691, "test_accuracy": 0.712, "_wandb": {"runtime": 5}}