{"training_loss": 0.1718245893716812, "training_accuracy": 0.9642857142857143, "validation_loss": 1.1071645021438599, "validation_accuracy": 0.692, "epoch": 200, "_timestamp": 1687295935.836735, "_runtime": 7.148279905319214, "_step": 200, "test_loss": 1.0055168867111206, "test_accuracy": 0.729, "_wandb": {"runtime": 6}}