{"training_loss": 0.46465763449668884, "training_accuracy": 0.8785714285714286, "validation_loss": 0.939156711101532, "validation_accuracy": 0.716, "epoch": 200, "_timestamp": 1687318447.29156, "_runtime": 5.5770649909973145, "_step": 200, "test_loss": 0.9055279493331909, "test_accuracy": 0.732, "_wandb": {"runtime": 5}}