{"training_loss": 0.12168292701244354, "training_accuracy": 0.9785714285714285, "validation_loss": 0.9816156625747681, "validation_accuracy": 0.74, "epoch": 200, "_timestamp": 1687311815.7158458, "_runtime": 4.405056715011597, "_step": 200, "test_loss": 0.8474445343017578, "test_accuracy": 0.752, "_wandb": {"runtime": 3}}