{"training_loss": 0.05101792514324188, "training_accuracy": 0.9928571428571429, "validation_loss": 0.8642461895942688, "validation_accuracy": 0.766, "epoch": 200, "_timestamp": 1687310852.58941, "_runtime": 7.978732109069824, "_step": 200, "test_loss": 0.7501956224441528, "test_accuracy": 0.792, "_wandb": {"runtime": 6}}