{"training_loss": 0.045576293021440506, "training_accuracy": 0.9928571428571429, "validation_loss": 1.2455016374588013, "validation_accuracy": 0.724, "epoch": 200, "_timestamp": 1687298674.019217, "_runtime": 6.466672897338867, "_step": 200, "test_loss": 1.0585627555847168, "test_accuracy": 0.763, "_wandb": {"runtime": 6}}