{"training_loss": 0.0645575225353241, "training_accuracy": 0.9928571428571429, "validation_loss": 0.8544512391090393, "validation_accuracy": 0.732, "epoch": 200, "_timestamp": 1687315825.308939, "_runtime": 6.6279449462890625, "_step": 200, "test_loss": 0.8221122622489929, "test_accuracy": 0.749, "_wandb": {"runtime": 5}}