{"training_loss": 0.17044849693775177, "training_accuracy": 0.9714285714285714, "validation_loss": 1.5399502515792847, "validation_accuracy": 0.676, "epoch": 200, "_timestamp": 1687314656.222495, "_runtime": 5.184929132461548, "_step": 200, "test_loss": 1.3798860311508179, "test_accuracy": 0.7, "_wandb": {"runtime": 4}}