{"training_loss": 0.05542841553688049, "training_accuracy": 0.9928571428571429, "validation_loss": 1.2279410362243652, "validation_accuracy": 0.734, "epoch": 200, "_timestamp": 1687316809.572052, "_runtime": 7.044413089752197, "_step": 200, "test_loss": 1.0723921060562134, "test_accuracy": 0.755, "_wandb": {"runtime": 6}}