{"training_loss": 0.5158395767211914, "training_accuracy": 0.8571428571428571, "validation_loss": 1.1514966487884521, "validation_accuracy": 0.66, "epoch": 200, "_timestamp": 1687312514.072246, "_runtime": 5.111037969589233, "_step": 200, "test_loss": 1.0324077606201172, "test_accuracy": 0.682, "_wandb": {"runtime": 4}}