{"training_loss": 0.026875199750065804, "training_accuracy": 0.9928571428571429, "validation_loss": 0.9891527891159058, "validation_accuracy": 0.736, "epoch": 200, "_timestamp": 1687316866.97028, "_runtime": 7.515570878982544, "_step": 200, "test_loss": 0.8689809441566467, "test_accuracy": 0.76, "_wandb": {"runtime": 6}}