{"training_loss": 0.6105154752731323, "training_accuracy": 0.9285714285714286, "validation_loss": 1.2550666332244873, "validation_accuracy": 0.662, "epoch": 200, "_timestamp": 1687316067.595476, "_runtime": 7.71042799949646, "_step": 200, "test_loss": 1.2507990598678589, "test_accuracy": 0.673, "_wandb": {"runtime": 6}}