{"training_loss": 0.33834001421928406, "training_accuracy": 0.9285714285714286, "validation_loss": 0.9479681849479675, "validation_accuracy": 0.724, "epoch": 200, "_timestamp": 1687309363.3157709, "_runtime": 5.999562978744507, "_step": 200, "test_loss": 0.9039117097854614, "test_accuracy": 0.746, "_wandb": {"runtime": 5}}