{"training_loss": 0.5457294583320618, "training_accuracy": 0.75, "validation_loss": 1.5708613395690918, "validation_accuracy": 0.64, "epoch": 200, "_timestamp": 1687296171.058867, "_runtime": 5.447503089904785, "_step": 200, "test_loss": 1.2475886344909668, "test_accuracy": 0.68, "_wandb": {"runtime": 5}}