{"training_loss": 0.088742196559906, "training_accuracy": 0.9642857142857143, "validation_loss": 0.9331273436546326, "validation_accuracy": 0.766, "epoch": 200, "_timestamp": 1687297719.808525, "_runtime": 8.635861158370972, "_step": 200, "test_loss": 0.793638288974762, "test_accuracy": 0.773, "_wandb": {"runtime": 8}}