{"training_loss": 0.16661179065704346, "training_accuracy": 0.9642857142857143, "validation_loss": 0.8755859732627869, "validation_accuracy": 0.722, "epoch": 200, "_timestamp": 1687308039.824372, "_runtime": 4.50787615776062, "_step": 200, "test_loss": 0.8260502815246582, "test_accuracy": 0.727, "_wandb": {"runtime": 3}}