{"training_loss": 0.03351644054055214, "training_accuracy": 0.9928571428571429, "validation_loss": 0.9658599495887756, "validation_accuracy": 0.776, "epoch": 200, "_timestamp": 1687311701.199471, "_runtime": 7.808206081390381, "_step": 200, "test_loss": 0.848383367061615, "test_accuracy": 0.78, "_wandb": {"runtime": 7}}