{"training_loss": 0.03640834987163544, "training_accuracy": 1.0, "validation_loss": 0.8197675347328186, "validation_accuracy": 0.776, "epoch": 200, "_timestamp": 1687317051.7016058, "_runtime": 7.736187696456909, "_step": 200, "test_loss": 0.7579090595245361, "test_accuracy": 0.79, "_wandb": {"runtime": 7}}