{"training_loss": 1.2046321630477905, "training_accuracy": 0.38571428571428573, "validation_loss": 1.6644401550292969, "validation_accuracy": 0.296, "epoch": 200, "_timestamp": 1687297910.075808, "_runtime": 5.599254131317139, "_step": 200, "test_loss": 1.673238754272461, "test_accuracy": 0.317, "_wandb": {"runtime": 4}}