{"training_loss": 0.06679642200469971, "training_accuracy": 1.0, "validation_loss": 0.8873689770698547, "validation_accuracy": 0.722, "epoch": 200, "_timestamp": 1687296277.2141562, "_runtime": 7.455278158187866, "_step": 200, "test_loss": 0.8102515339851379, "test_accuracy": 0.746, "_wandb": {"runtime": 6}}