{"training_loss": 0.05612463131546974, "training_accuracy": 0.9928571428571429, "validation_loss": 0.7995431423187256, "validation_accuracy": 0.758, "epoch": 200, "_timestamp": 1687313725.518058, "_runtime": 6.351207971572876, "_step": 200, "test_loss": 0.7431792616844177, "test_accuracy": 0.775, "_wandb": {"runtime": 5}}