{"training_loss": 0.11973186582326889, "training_accuracy": 0.9714285714285714, "validation_loss": 1.0414865016937256, "validation_accuracy": 0.756, "epoch": 200, "_timestamp": 1687297622.210942, "_runtime": 4.397380113601685, "_step": 200, "test_loss": 0.9171348810195923, "test_accuracy": 0.79, "_wandb": {"runtime": 4}}