{"training_loss": 0.12155956774950027, "training_accuracy": 0.9642857142857143, "validation_loss": 1.0225619077682495, "validation_accuracy": 0.664, "epoch": 200, "_timestamp": 1687295888.81773, "_runtime": 5.561408042907715, "_step": 200, "test_loss": 0.9219813346862793, "test_accuracy": 0.715, "_wandb": {"runtime": 5}}