{"training_loss": 0.05711577832698822, "training_accuracy": 0.9928571428571429, "validation_loss": 0.933324933052063, "validation_accuracy": 0.758, "epoch": 200, "_timestamp": 1687309097.517184, "_runtime": 4.312827110290527, "_step": 200, "test_loss": 0.8214849829673767, "test_accuracy": 0.763, "_wandb": {"runtime": 3}}