{"training_loss": 0.1360837072134018, "training_accuracy": 0.9714285714285714, "validation_loss": 0.923101544380188, "validation_accuracy": 0.734, "epoch": 200, "_timestamp": 1687295408.7728908, "_runtime": 6.955345869064331, "_step": 200, "test_loss": 0.8259080052375793, "test_accuracy": 0.753, "_wandb": {"runtime": 6}}