{"training_loss": 0.1875455677509308, "training_accuracy": 1.0, "validation_loss": 1.0825014114379883, "validation_accuracy": 0.696, "epoch": 200, "_timestamp": 1687317782.534254, "_runtime": 9.226073026657104, "_step": 200, "test_loss": 0.9794294834136963, "test_accuracy": 0.738, "_wandb": {"runtime": 8}}