{"training_loss": 0.10344602912664413, "training_accuracy": 0.9714285714285714, "validation_loss": 0.906026303768158, "validation_accuracy": 0.764, "epoch": 200, "_timestamp": 1687311754.2377868, "_runtime": 4.806550741195679, "_step": 200, "test_loss": 0.7631653547286987, "test_accuracy": 0.767, "_wandb": {"runtime": 4}}