{"training_loss": 0.23018638789653778, "training_accuracy": 0.95, "validation_loss": 1.144923210144043, "validation_accuracy": 0.75, "epoch": 200, "_timestamp": 1687297575.350118, "_runtime": 3.8703579902648926, "_step": 200, "test_loss": 0.9676889777183533, "test_accuracy": 0.768, "_wandb": {"runtime": 3}}