{"training_loss": 1.2819207906723022, "training_accuracy": 0.9142857142857143, "validation_loss": 1.7595598697662354, "validation_accuracy": 0.552, "epoch": 200, "_timestamp": 1687313391.161742, "_runtime": 7.782854080200195, "_step": 200, "test_loss": 1.7512753009796143, "test_accuracy": 0.557, "_wandb": {"runtime": 7}}