{"training_loss": 0.24560964107513428, "training_accuracy": 0.95, "validation_loss": 1.0238784551620483, "validation_accuracy": 0.666, "epoch": 200, "_timestamp": 1687313859.675479, "_runtime": 5.870698928833008, "_step": 200, "test_loss": 0.9908877015113831, "test_accuracy": 0.7, "_wandb": {"runtime": 5}}