{"training_loss": 0.0768282487988472, "training_accuracy": 0.9857142857142858, "validation_loss": 0.8328167796134949, "validation_accuracy": 0.752, "epoch": 200, "_timestamp": 1687298885.3725939, "_runtime": 5.097242832183838, "_step": 200, "test_loss": 0.775821328163147, "test_accuracy": 0.783, "_wandb": {"runtime": 4}}