{"training_loss": 0.09213557094335556, "training_accuracy": 0.9714285714285714, "validation_loss": 0.9297687411308289, "validation_accuracy": 0.76, "epoch": 200, "_timestamp": 1687313421.0152571, "_runtime": 5.838961124420166, "_step": 200, "test_loss": 0.83054518699646, "test_accuracy": 0.774, "_wandb": {"runtime": 5}}