{"training_loss": 0.05306627228856087, "training_accuracy": 0.9928571428571429, "validation_loss": 0.8552109599113464, "validation_accuracy": 0.764, "epoch": 200, "_timestamp": 1687319080.525184, "_runtime": 8.249440908432007, "_step": 200, "test_loss": 0.7684292197227478, "test_accuracy": 0.775, "_wandb": {"runtime": 7}}