{"training_loss": 0.08023371547460556, "training_accuracy": 1.0, "validation_loss": 0.9672031402587891, "validation_accuracy": 0.736, "epoch": 200, "_timestamp": 1687314955.5040152, "_runtime": 5.071392297744751, "_step": 200, "test_loss": 0.8034854531288147, "test_accuracy": 0.754, "_wandb": {"runtime": 4}}