{"training_loss": 0.18292061984539032, "training_accuracy": 0.9642857142857143, "validation_loss": 0.8200672268867493, "validation_accuracy": 0.732, "epoch": 200, "_timestamp": 1687311780.778313, "_runtime": 4.680373907089233, "_step": 200, "test_loss": 0.7318091988563538, "test_accuracy": 0.779, "_wandb": {"runtime": 4}}