{"training_loss": 0.10981863737106323, "training_accuracy": 0.9714285714285714, "validation_loss": 1.1149619817733765, "validation_accuracy": 0.742, "epoch": 200, "_timestamp": 1687312607.367164, "_runtime": 4.871907949447632, "_step": 200, "test_loss": 0.9876956939697266, "test_accuracy": 0.75, "_wandb": {"runtime": 4}}