{"training_loss": 0.7123405337333679, "training_accuracy": 0.7285714285714285, "validation_loss": 0.9880329966545105, "validation_accuracy": 0.704, "epoch": 200, "_timestamp": 1687316001.831167, "_runtime": 6.178727865219116, "_step": 200, "test_loss": 1.0559897422790527, "test_accuracy": 0.666, "_wandb": {"runtime": 5}}