{"training_loss": 1.183595061302185, "training_accuracy": 0.8928571428571429, "validation_loss": 1.6592849493026733, "validation_accuracy": 0.614, "epoch": 200, "_timestamp": 1687317429.76971, "_runtime": 9.019031047821045, "_step": 200, "test_loss": 1.649199366569519, "test_accuracy": 0.614, "_wandb": {"runtime": 8}}