{"training_loss": 0.10149650275707245, "training_accuracy": 0.9785714285714285, "validation_loss": 1.0800321102142334, "validation_accuracy": 0.762, "epoch": 200, "_timestamp": 1687314724.67269, "_runtime": 5.465879917144775, "_step": 200, "test_loss": 1.020340085029602, "test_accuracy": 0.759, "_wandb": {"runtime": 4}}