{"training_loss": 1.0729405879974365, "training_accuracy": 0.6071428571428571, "validation_loss": 1.3366365432739258, "validation_accuracy": 0.522, "epoch": 200, "_timestamp": 1687313286.030304, "_runtime": 5.4393229484558105, "_step": 200, "test_loss": 1.320855736732483, "test_accuracy": 0.519, "_wandb": {"runtime": 4}}