{"training_loss": 0.2513882517814636, "training_accuracy": 0.95, "validation_loss": 0.8846203684806824, "validation_accuracy": 0.734, "epoch": 200, "_timestamp": 1687297746.7383249, "_runtime": 4.261254787445068, "_step": 200, "test_loss": 0.8102642297744751, "test_accuracy": 0.747, "_wandb": {"runtime": 3}}