{"training_loss": 0.21249420940876007, "training_accuracy": 0.9714285714285714, "validation_loss": 1.363876461982727, "validation_accuracy": 0.704, "epoch": 200, "_timestamp": 1687312840.592323, "_runtime": 4.380340099334717, "_step": 200, "test_loss": 1.1950197219848633, "test_accuracy": 0.727, "_wandb": {"runtime": 3}}