{"training_loss": 0.11128278821706772, "training_accuracy": 0.9571428571428572, "validation_loss": 2.045450448989868, "validation_accuracy": 0.642, "epoch": 200, "_timestamp": 1687298710.236887, "_runtime": 5.7386579513549805, "_step": 200, "test_loss": 2.3407602310180664, "test_accuracy": 0.65, "_wandb": {"runtime": 5}}