{"training_loss": 0.7385455965995789, "training_accuracy": 0.9142857142857143, "validation_loss": 1.4528993368148804, "validation_accuracy": 0.586, "epoch": 200, "_timestamp": 1687311716.004044, "_runtime": 7.5879411697387695, "_step": 200, "test_loss": 1.4377716779708862, "test_accuracy": 0.634, "_wandb": {"runtime": 7}}