{"training_loss": 0.2523082494735718, "training_accuracy": 0.9214285714285714, "validation_loss": 1.3418217897415161, "validation_accuracy": 0.678, "epoch": 200, "_timestamp": 1687314682.128385, "_runtime": 5.129786968231201, "_step": 200, "test_loss": 1.2623231410980225, "test_accuracy": 0.661, "_wandb": {"runtime": 4}}