{"training_loss": 0.11287655681371689, "training_accuracy": 0.9642857142857143, "validation_loss": 1.6470897197723389, "validation_accuracy": 0.74, "epoch": 200, "_timestamp": 1687297285.559532, "_runtime": 4.35065484046936, "_step": 200, "test_loss": 1.312955379486084, "test_accuracy": 0.753, "_wandb": {"runtime": 3}}