{"training_loss": 0.06123100593686104, "training_accuracy": 1.0, "validation_loss": 1.033011794090271, "validation_accuracy": 0.706, "epoch": 200, "_timestamp": 1687297408.995423, "_runtime": 6.313281059265137, "_step": 200, "test_loss": 0.9069451689720154, "test_accuracy": 0.724, "_wandb": {"runtime": 5}}