{"training_loss": 0.3602559268474579, "training_accuracy": 0.9357142857142857, "validation_loss": 1.0373625755310059, "validation_accuracy": 0.674, "epoch": 200, "_timestamp": 1687296622.833397, "_runtime": 3.549422025680542, "_step": 200, "test_loss": 0.987843930721283, "test_accuracy": 0.721, "_wandb": {"runtime": 3}}