{"training_loss": 0.26338157057762146, "training_accuracy": 0.9285714285714286, "validation_loss": 0.845248818397522, "validation_accuracy": 0.764, "epoch": 200, "_timestamp": 1687295326.947637, "_runtime": 7.8950231075286865, "_step": 200, "test_loss": 0.8015894889831543, "test_accuracy": 0.749, "_wandb": {"runtime": 7}}