{"training_loss": 0.7131317257881165, "training_accuracy": 0.6928571428571428, "validation_loss": 1.4778623580932617, "validation_accuracy": 0.596, "epoch": 200, "_timestamp": 1687296873.628633, "_runtime": 5.556642055511475, "_step": 200, "test_loss": 1.4827057123184204, "test_accuracy": 0.594, "_wandb": {"runtime": 5}}