{"training_loss": 0.0310591422021389, "training_accuracy": 0.9928571428571429, "validation_loss": 1.0719760656356812, "validation_accuracy": 0.734, "epoch": 200, "_timestamp": 1687314849.6573162, "_runtime": 7.083123207092285, "_step": 200, "test_loss": 0.8996310830116272, "test_accuracy": 0.759, "_wandb": {"runtime": 6}}