{"training_loss": 0.1405029445886612, "training_accuracy": 0.9714285714285714, "validation_loss": 0.924008309841156, "validation_accuracy": 0.732, "epoch": 200, "_timestamp": 1687309403.891642, "_runtime": 4.91687798500061, "_step": 200, "test_loss": 0.8405527472496033, "test_accuracy": 0.762, "_wandb": {"runtime": 4}}