{"training_loss": 0.06575850397348404, "training_accuracy": 1.0, "validation_loss": 0.7649954557418823, "validation_accuracy": 0.776, "epoch": 200, "_timestamp": 1687316114.00302, "_runtime": 7.8074791431427, "_step": 200, "test_loss": 0.7026928067207336, "test_accuracy": 0.789, "_wandb": {"runtime": 7}}