{"training_loss": 0.3488401472568512, "training_accuracy": 0.8714285714285714, "validation_loss": 1.414670467376709, "validation_accuracy": 0.712, "epoch": 200, "_timestamp": 1687316959.238742, "_runtime": 7.221009016036987, "_step": 200, "test_loss": 1.3449538946151733, "test_accuracy": 0.717, "_wandb": {"runtime": 6}}