{"training_loss": 0.19762638211250305, "training_accuracy": 0.9714285714285714, "validation_loss": 0.8354896903038025, "validation_accuracy": 0.748, "epoch": 200, "_timestamp": 1687298848.346346, "_runtime": 3.854562997817993, "_step": 200, "test_loss": 0.7650812864303589, "test_accuracy": 0.771, "_wandb": {"runtime": 3}}