{"training_loss": 0.03383146598935127, "training_accuracy": 1.0, "validation_loss": 1.0541754961013794, "validation_accuracy": 0.744, "epoch": 200, "_timestamp": 1687320142.589437, "_runtime": 9.151421070098877, "_step": 200, "test_loss": 1.0245624780654907, "test_accuracy": 0.761, "_wandb": {"runtime": 8}}