{"training_loss": 1.415878415107727, "training_accuracy": 0.37857142857142856, "validation_loss": 1.5830317735671997, "validation_accuracy": 0.37, "epoch": 200, "_timestamp": 1687298284.66875, "_runtime": 5.067525148391724, "_step": 200, "test_loss": 1.5332976579666138, "test_accuracy": 0.364, "_wandb": {"runtime": 4}}