{"training_loss": 0.7848687767982483, "training_accuracy": 0.6928571428571428, "validation_loss": 1.8355369567871094, "validation_accuracy": 0.52, "epoch": 200, "_timestamp": 1687310756.023991, "_runtime": 5.318096160888672, "_step": 200, "test_loss": 1.745060682296753, "test_accuracy": 0.528, "_wandb": {"runtime": 4}}