{"training_loss": 0.06977450847625732, "training_accuracy": 1.0, "validation_loss": 1.1140459775924683, "validation_accuracy": 0.732, "epoch": 200, "_timestamp": 1687313068.0094159, "_runtime": 5.563219785690308, "_step": 200, "test_loss": 0.8597483038902283, "test_accuracy": 0.755, "_wandb": {"runtime": 5}}