{"training_loss": 0.43971580266952515, "training_accuracy": 0.8642857142857143, "validation_loss": 1.28594970703125, "validation_accuracy": 0.656, "epoch": 200, "_timestamp": 1687316751.8771358, "_runtime": 5.4855568408966064, "_step": 200, "test_loss": 1.217090129852295, "test_accuracy": 0.672, "_wandb": {"runtime": 4}}