{"training_loss": 1.9563193321228027, "training_accuracy": 0.14285714285714285, "validation_loss": 1.9504563808441162, "validation_accuracy": 0.122, "epoch": 0, "_timestamp": 1687294830.3712409, "_runtime": 0.9089529514312744, "_step": 1, "test_loss": 1.9524182081222534, "test_accuracy": 0.13, "_wandb": {"runtime": 0}}