{"training_loss": 0.12043362855911255, "training_accuracy": 0.9714285714285714, "validation_loss": 1.1646045446395874, "validation_accuracy": 0.742, "epoch": 200, "_timestamp": 1687309507.4390059, "_runtime": 5.922192811965942, "_step": 200, "test_loss": 1.0801604986190796, "test_accuracy": 0.74, "_wandb": {"runtime": 5}}