{"training_loss": 0.15527138113975525, "training_accuracy": 0.95, "validation_loss": 0.8211442828178406, "validation_accuracy": 0.774, "epoch": 200, "_timestamp": 1687317721.79357, "_runtime": 6.550991058349609, "_step": 200, "test_loss": 0.7211699485778809, "test_accuracy": 0.774, "_wandb": {"runtime": 5}}