{"training_loss": 0.11556024849414825, "training_accuracy": 0.9714285714285714, "validation_loss": 1.3532137870788574, "validation_accuracy": 0.72, "epoch": 200, "_timestamp": 1687316424.024713, "_runtime": 8.16615915298462, "_step": 200, "test_loss": 1.1315522193908691, "test_accuracy": 0.74, "_wandb": {"runtime": 7}}