{"training_loss": 0.3169841766357422, "training_accuracy": 0.9571428571428572, "validation_loss": 1.1187983751296997, "validation_accuracy": 0.696, "epoch": 200, "_timestamp": 1687311349.1461408, "_runtime": 3.4090778827667236, "_step": 200, "test_loss": 1.0881208181381226, "test_accuracy": 0.692, "_wandb": {"runtime": 2}}