{"training_loss": 1.0121709108352661, "training_accuracy": 0.4857142857142857, "validation_loss": 2.9040489196777344, "validation_accuracy": 0.386, "epoch": 200, "_timestamp": 1687308092.80901, "_runtime": 5.4840099811553955, "_step": 200, "test_loss": 2.794503688812256, "test_accuracy": 0.386, "_wandb": {"runtime": 4}}