{"training_loss": 0.09063329547643661, "training_accuracy": 1.0, "validation_loss": 0.8544371724128723, "validation_accuracy": 0.76, "epoch": 200, "_timestamp": 1687312069.2721238, "_runtime": 7.05191969871521, "_step": 200, "test_loss": 0.7493911385536194, "test_accuracy": 0.761, "_wandb": {"runtime": 6}}