{"training_loss": 0.1849125474691391, "training_accuracy": 0.9428571428571428, "validation_loss": 2.309903860092163, "validation_accuracy": 0.694, "epoch": 200, "_timestamp": 1687308564.8937862, "_runtime": 8.350266218185425, "_step": 200, "test_loss": 2.0616910457611084, "test_accuracy": 0.713, "_wandb": {"runtime": 7}}