{"training_loss": 0.13002637028694153, "training_accuracy": 0.95, "validation_loss": 1.2147443294525146, "validation_accuracy": 0.73, "epoch": 200, "_timestamp": 1687296957.10032, "_runtime": 4.4539830684661865, "_step": 200, "test_loss": 1.0596427917480469, "test_accuracy": 0.745, "_wandb": {"runtime": 4}}