{"training_loss": 0.033027615398168564, "training_accuracy": 0.9928571428571429, "validation_loss": 1.3579893112182617, "validation_accuracy": 0.758, "epoch": 200, "_timestamp": 1687298897.727828, "_runtime": 7.500638008117676, "_step": 200, "test_loss": 1.2136571407318115, "test_accuracy": 0.77, "_wandb": {"runtime": 7}}