{"training_loss": 0.07171747833490372, "training_accuracy": 1.0, "validation_loss": 1.0247091054916382, "validation_accuracy": 0.672, "epoch": 200, "_timestamp": 1687317862.487751, "_runtime": 6.822236061096191, "_step": 200, "test_loss": 0.9304735064506531, "test_accuracy": 0.72, "_wandb": {"runtime": 6}}