{"training_loss": 1.5572198629379272, "training_accuracy": 0.38571428571428573, "validation_loss": 1.7215646505355835, "validation_accuracy": 0.308, "epoch": 200, "_timestamp": 1687308256.518357, "_runtime": 5.972650051116943, "_step": 200, "test_loss": 1.7058470249176025, "test_accuracy": 0.285, "_wandb": {"runtime": 5}}