{"training_loss": 0.07416883111000061, "training_accuracy": 1.0, "validation_loss": 1.0488361120224, "validation_accuracy": 0.74, "epoch": 200, "_timestamp": 1687318309.565407, "_runtime": 7.715917110443115, "_step": 200, "test_loss": 0.9817829132080078, "test_accuracy": 0.752, "_wandb": {"runtime": 7}}