{"training_loss": 0.06430549174547195, "training_accuracy": 1.0, "validation_loss": 0.8730769753456116, "validation_accuracy": 0.726, "epoch": 200, "_timestamp": 1687317750.781322, "_runtime": 7.879595994949341, "_step": 200, "test_loss": 0.8015570640563965, "test_accuracy": 0.747, "_wandb": {"runtime": 7}}