{"training_loss": 0.09327447414398193, "training_accuracy": 0.9857142857142858, "validation_loss": 0.8766708970069885, "validation_accuracy": 0.728, "epoch": 200, "_timestamp": 1687319981.014494, "_runtime": 8.23134994506836, "_step": 200, "test_loss": 0.779457688331604, "test_accuracy": 0.755, "_wandb": {"runtime": 6}}