{"training_loss": 0.07699751108884811, "training_accuracy": 0.9785714285714285, "validation_loss": 0.8342066407203674, "validation_accuracy": 0.752, "epoch": 200, "_timestamp": 1687312976.2045598, "_runtime": 5.734092712402344, "_step": 200, "test_loss": 0.7648037075996399, "test_accuracy": 0.776, "_wandb": {"runtime": 5}}