{"training_loss": 0.10600465536117554, "training_accuracy": 0.9714285714285714, "validation_loss": 1.425163745880127, "validation_accuracy": 0.726, "epoch": 200, "_timestamp": 1687316131.358905, "_runtime": 9.372212171554565, "_step": 200, "test_loss": 1.1910440921783447, "test_accuracy": 0.766, "_wandb": {"runtime": 8}}