{"training_loss": 0.14957022666931152, "training_accuracy": 0.9714285714285714, "validation_loss": 0.8360621333122253, "validation_accuracy": 0.75, "epoch": 200, "_timestamp": 1687312757.232983, "_runtime": 8.298333168029785, "_step": 200, "test_loss": 0.7434273958206177, "test_accuracy": 0.764, "_wandb": {"runtime": 7}}