{"training_loss": 0.12440004199743271, "training_accuracy": 0.9714285714285714, "validation_loss": 1.4154706001281738, "validation_accuracy": 0.714, "epoch": 200, "_timestamp": 1687298736.3673549, "_runtime": 5.768876791000366, "_step": 200, "test_loss": 1.1269341707229614, "test_accuracy": 0.736, "_wandb": {"runtime": 5}}