{"training_loss": 1.2871999740600586, "training_accuracy": 0.39285714285714285, "validation_loss": 1.4962348937988281, "validation_accuracy": 0.36, "epoch": 200, "_timestamp": 1687318802.7147892, "_runtime": 5.414808034896851, "_step": 200, "test_loss": 1.5165119171142578, "test_accuracy": 0.346, "_wandb": {"runtime": 4}}