{"training_loss": 0.1919960230588913, "training_accuracy": 0.9571428571428572, "validation_loss": 0.994297206401825, "validation_accuracy": 0.722, "epoch": 200, "_timestamp": 1687309087.020585, "_runtime": 3.5853681564331055, "_step": 200, "test_loss": 0.842136800289154, "test_accuracy": 0.781, "_wandb": {"runtime": 3}}