{"training_loss": 0.20640914142131805, "training_accuracy": 0.9428571428571428, "validation_loss": 0.9977017045021057, "validation_accuracy": 0.702, "epoch": 200, "_timestamp": 1687319015.817626, "_runtime": 5.696041107177734, "_step": 200, "test_loss": 0.8497244119644165, "test_accuracy": 0.743, "_wandb": {"runtime": 5}}