{"training_loss": 0.32630491256713867, "training_accuracy": 0.9214285714285714, "validation_loss": 0.8360898494720459, "validation_accuracy": 0.726, "epoch": 200, "_timestamp": 1687295839.0506182, "_runtime": 3.8829541206359863, "_step": 200, "test_loss": 0.7974936962127686, "test_accuracy": 0.761, "_wandb": {"runtime": 3}}