{"training_loss": 0.08782961964607239, "training_accuracy": 0.9785714285714285, "validation_loss": 1.123680830001831, "validation_accuracy": 0.75, "epoch": 200, "_timestamp": 1687309376.832463, "_runtime": 4.598976135253906, "_step": 200, "test_loss": 1.0573475360870361, "test_accuracy": 0.757, "_wandb": {"runtime": 3}}