{"training_loss": 0.1871599704027176, "training_accuracy": 0.95, "validation_loss": 1.672888159751892, "validation_accuracy": 0.682, "epoch": 200, "_timestamp": 1687311956.5271318, "_runtime": 5.266617774963379, "_step": 200, "test_loss": 1.4200453758239746, "test_accuracy": 0.718, "_wandb": {"runtime": 4}}