{"training_loss": 0.4041692316532135, "training_accuracy": 0.8785714285714286, "validation_loss": 1.1815893650054932, "validation_accuracy": 0.688, "epoch": 200, "_timestamp": 1687314667.80895, "_runtime": 5.0754499435424805, "_step": 200, "test_loss": 1.144473671913147, "test_accuracy": 0.705, "_wandb": {"runtime": 4}}