{"training_loss": 0.48793837428092957, "training_accuracy": 0.8285714285714286, "validation_loss": 1.576637864112854, "validation_accuracy": 0.642, "epoch": 200, "_timestamp": 1687308505.835925, "_runtime": 5.34700608253479, "_step": 200, "test_loss": 1.6280465126037598, "test_accuracy": 0.662, "_wandb": {"runtime": 4}}