{"training_loss": 0.18427160382270813, "training_accuracy": 0.9714285714285714, "validation_loss": 1.189821481704712, "validation_accuracy": 0.71, "epoch": 200, "_timestamp": 1687298344.17082, "_runtime": 6.230034112930298, "_step": 200, "test_loss": 0.9568330645561218, "test_accuracy": 0.719, "_wandb": {"runtime": 5}}