{"training_loss": 0.5562549233436584, "training_accuracy": 0.7357142857142858, "validation_loss": 1.4457676410675049, "validation_accuracy": 0.67, "epoch": 200, "_timestamp": 1687296016.098967, "_runtime": 5.552225112915039, "_step": 200, "test_loss": 1.13120698928833, "test_accuracy": 0.693, "_wandb": {"runtime": 5}}