{"training_loss": 0.19573360681533813, "training_accuracy": 0.9571428571428572, "validation_loss": 2.4416720867156982, "validation_accuracy": 0.716, "epoch": 200, "_timestamp": 1687296038.404653, "_runtime": 6.88185715675354, "_step": 200, "test_loss": 2.066176652908325, "test_accuracy": 0.709, "_wandb": {"runtime": 6}}