{"training_loss": 0.05421954020857811, "training_accuracy": 1.0, "validation_loss": 0.942409873008728, "validation_accuracy": 0.74, "epoch": 200, "_timestamp": 1687310614.7023702, "_runtime": 4.946238279342651, "_step": 200, "test_loss": 0.9334139823913574, "test_accuracy": 0.73, "_wandb": {"runtime": 4}}