{"training_loss": 0.32814913988113403, "training_accuracy": 0.9285714285714286, "validation_loss": 0.9075642228126526, "validation_accuracy": 0.75, "epoch": 200, "_timestamp": 1687311007.775777, "_runtime": 5.373110055923462, "_step": 200, "test_loss": 0.8764674663543701, "test_accuracy": 0.751, "_wandb": {"runtime": 4}}