{"training_loss": 0.061057690531015396, "training_accuracy": 1.0, "validation_loss": 0.7493218779563904, "validation_accuracy": 0.774, "epoch": 200, "_timestamp": 1687309441.545084, "_runtime": 7.296741962432861, "_step": 200, "test_loss": 0.6797214150428772, "test_accuracy": 0.78, "_wandb": {"runtime": 6}}