{"training_loss": 0.05458240956068039, "training_accuracy": 0.9857142857142858, "validation_loss": 1.8162897825241089, "validation_accuracy": 0.756, "epoch": 200, "_timestamp": 1687311559.888895, "_runtime": 6.961064100265503, "_step": 200, "test_loss": 1.456726312637329, "test_accuracy": 0.746, "_wandb": {"runtime": 6}}