{"training_loss": 0.1307287961244583, "training_accuracy": 0.95, "validation_loss": 1.6037174463272095, "validation_accuracy": 0.676, "epoch": 200, "_timestamp": 1687314756.4810948, "_runtime": 6.8651628494262695, "_step": 200, "test_loss": 1.8022587299346924, "test_accuracy": 0.683, "_wandb": {"runtime": 6}}