{"training_loss": 0.37342533469200134, "training_accuracy": 0.9071428571428571, "validation_loss": 1.3571021556854248, "validation_accuracy": 0.654, "epoch": 200, "_timestamp": 1687310801.329484, "_runtime": 4.3470470905303955, "_step": 200, "test_loss": 1.2001159191131592, "test_accuracy": 0.664, "_wandb": {"runtime": 3}}