{"training_loss": 0.09886873513460159, "training_accuracy": 0.9714285714285714, "validation_loss": 1.393579363822937, "validation_accuracy": 0.71, "epoch": 200, "_timestamp": 1687296150.8781319, "_runtime": 5.83019495010376, "_step": 200, "test_loss": 1.3522989749908447, "test_accuracy": 0.723, "_wandb": {"runtime": 5}}