{"training_loss": 0.22670483589172363, "training_accuracy": 0.9857142857142858, "validation_loss": 0.9042131900787354, "validation_accuracy": 0.722, "epoch": 200, "_timestamp": 1687311244.6802711, "_runtime": 3.9235222339630127, "_step": 200, "test_loss": 0.8234230875968933, "test_accuracy": 0.752, "_wandb": {"runtime": 3}}