{"training_loss": 0.1309901773929596, "training_accuracy": 0.9857142857142858, "validation_loss": 1.0169490575790405, "validation_accuracy": 0.682, "epoch": 200, "_timestamp": 1687318509.629024, "_runtime": 6.699522018432617, "_step": 200, "test_loss": 0.9570321440696716, "test_accuracy": 0.718, "_wandb": {"runtime": 6}}