{"training_loss": 0.122548907995224, "training_accuracy": 0.9714285714285714, "validation_loss": 1.1696813106536865, "validation_accuracy": 0.724, "epoch": 200, "_timestamp": 1687309129.31378, "_runtime": 4.827136039733887, "_step": 200, "test_loss": 1.0146397352218628, "test_accuracy": 0.74, "_wandb": {"runtime": 4}}