{"training_loss": 0.3359684944152832, "training_accuracy": 0.9, "validation_loss": 1.4394813776016235, "validation_accuracy": 0.708, "epoch": 200, "_timestamp": 1687295760.920823, "_runtime": 10.113044023513794, "_step": 200, "test_loss": 1.353480577468872, "test_accuracy": 0.711, "_wandb": {"runtime": 8}}