{"training_loss": 0.06040888652205467, "training_accuracy": 1.0, "validation_loss": 0.8999046683311462, "validation_accuracy": 0.736, "epoch": 200, "_timestamp": 1687296802.3841941, "_runtime": 6.511902093887329, "_step": 200, "test_loss": 0.8119928240776062, "test_accuracy": 0.755, "_wandb": {"runtime": 6}}