{"training_loss": 0.06430216878652573, "training_accuracy": 0.9928571428571429, "validation_loss": 1.1204460859298706, "validation_accuracy": 0.746, "epoch": 200, "_timestamp": 1687311923.3267999, "_runtime": 8.159729957580566, "_step": 200, "test_loss": 1.0137261152267456, "test_accuracy": 0.769, "_wandb": {"runtime": 7}}