{"training_loss": 0.1364045888185501, "training_accuracy": 0.9714285714285714, "validation_loss": 0.8981708884239197, "validation_accuracy": 0.748, "epoch": 200, "_timestamp": 1687316173.255389, "_runtime": 4.978333950042725, "_step": 200, "test_loss": 0.7892760038375854, "test_accuracy": 0.776, "_wandb": {"runtime": 4}}