{"training_loss": 1.0389622449874878, "training_accuracy": 0.7, "validation_loss": 1.36870276927948, "validation_accuracy": 0.588, "epoch": 200, "_timestamp": 1687315903.19152, "_runtime": 8.170490026473999, "_step": 200, "test_loss": 1.352927803993225, "test_accuracy": 0.611, "_wandb": {"runtime": 7}}