{"training_loss": 0.1069745272397995, "training_accuracy": 0.9857142857142858, "validation_loss": 0.7667819857597351, "validation_accuracy": 0.786, "epoch": 200, "_timestamp": 1687309654.618094, "_runtime": 7.7067859172821045, "_step": 200, "test_loss": 0.6957621574401855, "test_accuracy": 0.786, "_wandb": {"runtime": 7}}