{"training_loss": 0.04335483908653259, "training_accuracy": 1.0, "validation_loss": 0.8508482575416565, "validation_accuracy": 0.762, "epoch": 200, "_timestamp": 1687295668.396449, "_runtime": 8.549340009689331, "_step": 200, "test_loss": 0.7405754923820496, "test_accuracy": 0.781, "_wandb": {"runtime": 8}}