{"training_loss": 0.24040696024894714, "training_accuracy": 0.9571428571428572, "validation_loss": 2.652914047241211, "validation_accuracy": 0.696, "epoch": 200, "_timestamp": 1687307962.564513, "_runtime": 6.112035036087036, "_step": 200, "test_loss": 2.0445868968963623, "test_accuracy": 0.704, "_wandb": {"runtime": 5}}