{"training_loss": 0.25021442770957947, "training_accuracy": 0.9285714285714286, "validation_loss": 1.1391688585281372, "validation_accuracy": 0.648, "epoch": 200, "_timestamp": 1687315664.968414, "_runtime": 5.092540979385376, "_step": 200, "test_loss": 1.0335334539413452, "test_accuracy": 0.693, "_wandb": {"runtime": 4}}