{"training_loss": 1.8589493036270142, "training_accuracy": 0.4142857142857143, "validation_loss": 1.9119360446929932, "validation_accuracy": 0.208, "epoch": 200, "_timestamp": 1687318336.777864, "_runtime": 4.628867864608765, "_step": 200, "test_loss": 1.9104609489440918, "test_accuracy": 0.223, "_wandb": {"runtime": 4}}