{"training_loss": 0.027981068938970566, "training_accuracy": 0.9928571428571429, "validation_loss": 1.263321042060852, "validation_accuracy": 0.734, "epoch": 200, "_timestamp": 1687312639.765131, "_runtime": 10.848357915878296, "_step": 200, "test_loss": 1.0581637620925903, "test_accuracy": 0.777, "_wandb": {"runtime": 6}}