{"training_loss": 0.4469227194786072, "training_accuracy": 0.8357142857142857, "validation_loss": 2.1775646209716797, "validation_accuracy": 0.634, "epoch": 200, "_timestamp": 1687314387.5640619, "_runtime": 4.5295188426971436, "_step": 200, "test_loss": 1.794218897819519, "test_accuracy": 0.652, "_wandb": {"runtime": 3}}