{"training_loss": 0.16173209249973297, "training_accuracy": 0.9714285714285714, "validation_loss": 0.8385890126228333, "validation_accuracy": 0.74, "epoch": 200, "_timestamp": 1687316282.483588, "_runtime": 6.124079942703247, "_step": 200, "test_loss": 0.7476545572280884, "test_accuracy": 0.762, "_wandb": {"runtime": 5}}