{"training_loss": 0.202342689037323, "training_accuracy": 0.9214285714285714, "validation_loss": 2.6045846939086914, "validation_accuracy": 0.658, "epoch": 200, "_timestamp": 1687308299.835257, "_runtime": 7.567325115203857, "_step": 200, "test_loss": 1.9505749940872192, "test_accuracy": 0.706, "_wandb": {"runtime": 6}}