{"training_loss": 0.23950283229351044, "training_accuracy": 0.9214285714285714, "validation_loss": 1.529935359954834, "validation_accuracy": 0.672, "epoch": 200, "_timestamp": 1687318069.673009, "_runtime": 5.8814709186553955, "_step": 200, "test_loss": 1.2130165100097656, "test_accuracy": 0.683, "_wandb": {"runtime": 5}}