{"training_loss": 0.0689161866903305, "training_accuracy": 1.0, "validation_loss": 0.9019665122032166, "validation_accuracy": 0.746, "epoch": 200, "_timestamp": 1687309492.2789, "_runtime": 5.953685998916626, "_step": 200, "test_loss": 0.837425947189331, "test_accuracy": 0.754, "_wandb": {"runtime": 5}}