{"training_loss": 0.47573333978652954, "training_accuracy": 0.8642857142857143, "validation_loss": 1.922488808631897, "validation_accuracy": 0.52, "epoch": 200, "_timestamp": 1687308234.566198, "_runtime": 5.443924188613892, "_step": 200, "test_loss": 1.5286787748336792, "test_accuracy": 0.537, "_wandb": {"runtime": 4}}