{"training_loss": 0.13424739241600037, "training_accuracy": 0.95, "validation_loss": 1.0746240615844727, "validation_accuracy": 0.702, "epoch": 200, "_timestamp": 1687317940.719738, "_runtime": 7.061083078384399, "_step": 200, "test_loss": 0.9615384936332703, "test_accuracy": 0.72, "_wandb": {"runtime": 6}}