{"training_loss": 0.4912607967853546, "training_accuracy": 0.7928571428571428, "validation_loss": 1.8251169919967651, "validation_accuracy": 0.688, "epoch": 200, "_timestamp": 1687308433.651505, "_runtime": 6.46233606338501, "_step": 200, "test_loss": 1.3449674844741821, "test_accuracy": 0.694, "_wandb": {"runtime": 5}}