{"training_loss": 0.29042232036590576, "training_accuracy": 0.9428571428571428, "validation_loss": 1.2380595207214355, "validation_accuracy": 0.728, "epoch": 200, "_timestamp": 1687312488.847816, "_runtime": 5.1109678745269775, "_step": 200, "test_loss": 1.0058385133743286, "test_accuracy": 0.742, "_wandb": {"runtime": 4}}