{"training_loss": 0.028080273419618607, "training_accuracy": 1.0, "validation_loss": 1.7202491760253906, "validation_accuracy": 0.732, "epoch": 200, "_timestamp": 1687316828.5071528, "_runtime": 8.592775821685791, "_step": 200, "test_loss": 1.4125440120697021, "test_accuracy": 0.738, "_wandb": {"runtime": 8}}