{"training_loss": 0.15646803379058838, "training_accuracy": 0.9571428571428572, "validation_loss": 1.5080139636993408, "validation_accuracy": 0.746, "epoch": 200, "_timestamp": 1687307994.241838, "_runtime": 6.037424087524414, "_step": 200, "test_loss": 1.2810264825820923, "test_accuracy": 0.747, "_wandb": {"runtime": 5}}