{"training_loss": 0.20158296823501587, "training_accuracy": 0.9285714285714286, "validation_loss": 1.4209462404251099, "validation_accuracy": 0.732, "epoch": 200, "_timestamp": 1687311852.391459, "_runtime": 5.1366119384765625, "_step": 200, "test_loss": 1.500742793083191, "test_accuracy": 0.729, "_wandb": {"runtime": 4}}