{"training_loss": 0.026340974494814873, "training_accuracy": 1.0, "validation_loss": 1.2476341724395752, "validation_accuracy": 0.738, "epoch": 200, "_timestamp": 1687316242.2868822, "_runtime": 7.37055516242981, "_step": 200, "test_loss": 1.07062828540802, "test_accuracy": 0.753, "_wandb": {"runtime": 6}}