{"training_loss": 0.04219843074679375, "training_accuracy": 1.0, "validation_loss": 1.2549387216567993, "validation_accuracy": 0.756, "epoch": 200, "_timestamp": 1687318202.3174, "_runtime": 8.658565044403076, "_step": 200, "test_loss": 1.0455583333969116, "test_accuracy": 0.775, "_wandb": {"runtime": 6}}