{"training_loss": 0.12831000983715057, "training_accuracy": 0.9785714285714285, "validation_loss": 0.9332404136657715, "validation_accuracy": 0.708, "epoch": 200, "_timestamp": 1687315787.7572029, "_runtime": 7.527169942855835, "_step": 200, "test_loss": 0.8620274662971497, "test_accuracy": 0.732, "_wandb": {"runtime": 6}}