{"training_loss": 1.7325485944747925, "training_accuracy": 0.9142857142857143, "validation_loss": 1.8738033771514893, "validation_accuracy": 0.56, "epoch": 200, "_timestamp": 1687296228.11062, "_runtime": 6.884902000427246, "_step": 200, "test_loss": 1.8732503652572632, "test_accuracy": 0.552, "_wandb": {"runtime": 6}}