{"training_loss": 0.22612963616847992, "training_accuracy": 0.9214285714285714, "validation_loss": 1.0973786115646362, "validation_accuracy": 0.732, "epoch": 200, "_timestamp": 1687312032.43057, "_runtime": 5.9762489795684814, "_step": 200, "test_loss": 0.9856758713722229, "test_accuracy": 0.744, "_wandb": {"runtime": 5}}