{"training_loss": 0.2949647605419159, "training_accuracy": 0.9857142857142858, "validation_loss": 1.0240943431854248, "validation_accuracy": 0.694, "epoch": 200, "_timestamp": 1687313814.266648, "_runtime": 6.6788489818573, "_step": 200, "test_loss": 1.006282091140747, "test_accuracy": 0.721, "_wandb": {"runtime": 6}}