{"training_loss": 0.03707144781947136, "training_accuracy": 0.9857142857142858, "validation_loss": 1.510312795639038, "validation_accuracy": 0.728, "epoch": 200, "_timestamp": 1687316083.498683, "_runtime": 8.143126010894775, "_step": 200, "test_loss": 1.5084681510925293, "test_accuracy": 0.726, "_wandb": {"runtime": 7}}