{"training_loss": 0.10543898493051529, "training_accuracy": 0.9785714285714285, "validation_loss": 0.8928390741348267, "validation_accuracy": 0.726, "epoch": 200, "_timestamp": 1687317205.952906, "_runtime": 7.508435964584351, "_step": 200, "test_loss": 0.8216328024864197, "test_accuracy": 0.752, "_wandb": {"runtime": 6}}