{"training_loss": 0.19907164573669434, "training_accuracy": 0.9642857142857143, "validation_loss": 1.325659155845642, "validation_accuracy": 0.702, "epoch": 200, "_timestamp": 1687308160.423487, "_runtime": 4.331392049789429, "_step": 200, "test_loss": 1.3272038698196411, "test_accuracy": 0.723, "_wandb": {"runtime": 3}}