{"training_loss": 0.2412654012441635, "training_accuracy": 0.9357142857142857, "validation_loss": 0.8783120512962341, "validation_accuracy": 0.764, "epoch": 200, "_timestamp": 1687318295.747277, "_runtime": 5.006412029266357, "_step": 200, "test_loss": 0.7692793011665344, "test_accuracy": 0.776, "_wandb": {"runtime": 4}}