{"training_loss": 0.24570508301258087, "training_accuracy": 0.9357142857142857, "validation_loss": 0.8674492239952087, "validation_accuracy": 0.768, "epoch": 200, "_timestamp": 1687297920.994265, "_runtime": 5.611574172973633, "_step": 200, "test_loss": 0.8160212635993958, "test_accuracy": 0.766, "_wandb": {"runtime": 5}}