{"training_loss": 0.1377565860748291, "training_accuracy": 1.0, "validation_loss": 1.0836163759231567, "validation_accuracy": 0.692, "epoch": 200, "_timestamp": 1687312500.358582, "_runtime": 5.416711091995239, "_step": 200, "test_loss": 1.0546200275421143, "test_accuracy": 0.681, "_wandb": {"runtime": 4}}