{"training_loss": 0.1043781042098999, "training_accuracy": 0.9857142857142858, "validation_loss": 0.8522613048553467, "validation_accuracy": 0.748, "epoch": 200, "_timestamp": 1687295438.3671098, "_runtime": 6.221469879150391, "_step": 200, "test_loss": 0.7955857515335083, "test_accuracy": 0.761, "_wandb": {"runtime": 5}}