{"training_loss": 0.09394173324108124, "training_accuracy": 0.9785714285714285, "validation_loss": 0.9705517292022705, "validation_accuracy": 0.732, "epoch": 200, "_timestamp": 1687312866.3504121, "_runtime": 4.2764341831207275, "_step": 200, "test_loss": 0.811936616897583, "test_accuracy": 0.742, "_wandb": {"runtime": 3}}