{"training_loss": 0.23000755906105042, "training_accuracy": 0.9785714285714285, "validation_loss": 0.8729071021080017, "validation_accuracy": 0.748, "epoch": 200, "_timestamp": 1687318870.122912, "_runtime": 5.5520288944244385, "_step": 200, "test_loss": 0.8624109625816345, "test_accuracy": 0.754, "_wandb": {"runtime": 5}}