{"training_loss": 0.0796579048037529, "training_accuracy": 0.9714285714285714, "validation_loss": 0.8696313500404358, "validation_accuracy": 0.764, "epoch": 200, "_timestamp": 1687319155.878804, "_runtime": 5.908757925033569, "_step": 200, "test_loss": 0.7615292072296143, "test_accuracy": 0.769, "_wandb": {"runtime": 5}}