{"training_loss": 0.06628528237342834, "training_accuracy": 0.9928571428571429, "validation_loss": 1.549731731414795, "validation_accuracy": 0.692, "epoch": 200, "_timestamp": 1687296638.9948502, "_runtime": 4.427328109741211, "_step": 200, "test_loss": 1.5180367231369019, "test_accuracy": 0.71, "_wandb": {"runtime": 4}}