{"training_loss": 0.06903840601444244, "training_accuracy": 0.9928571428571429, "validation_loss": 0.8966779708862305, "validation_accuracy": 0.708, "epoch": 200, "_timestamp": 1687295976.8418381, "_runtime": 7.863325119018555, "_step": 200, "test_loss": 0.8104087114334106, "test_accuracy": 0.748, "_wandb": {"runtime": 7}}