{"training_loss": 0.10853581130504608, "training_accuracy": 0.9785714285714285, "validation_loss": 1.2347551584243774, "validation_accuracy": 0.746, "epoch": 200, "_timestamp": 1687315803.3558311, "_runtime": 8.061301231384277, "_step": 200, "test_loss": 1.077335000038147, "test_accuracy": 0.755, "_wandb": {"runtime": 7}}