{"training_loss": 0.14196991920471191, "training_accuracy": 0.9642857142857143, "validation_loss": 0.9313369393348694, "validation_accuracy": 0.728, "epoch": 200, "_timestamp": 1687317239.9709299, "_runtime": 4.935937881469727, "_step": 200, "test_loss": 0.886166512966156, "test_accuracy": 0.732, "_wandb": {"runtime": 4}}