{"training_loss": 0.2138691544532776, "training_accuracy": 0.9357142857142857, "validation_loss": 1.4058805704116821, "validation_accuracy": 0.706, "epoch": 200, "_timestamp": 1687319368.9802299, "_runtime": 6.108935832977295, "_step": 200, "test_loss": 1.178650140762329, "test_accuracy": 0.732, "_wandb": {"runtime": 5}}