{"training_loss": 0.16803261637687683, "training_accuracy": 0.95, "validation_loss": 1.7576195001602173, "validation_accuracy": 0.66, "epoch": 200, "_timestamp": 1687295311.044002, "_runtime": 6.697980165481567, "_step": 200, "test_loss": 1.6143159866333008, "test_accuracy": 0.659, "_wandb": {"runtime": 6}}