{"training_loss": 0.1198093518614769, "training_accuracy": 1.0, "validation_loss": 0.8358199000358582, "validation_accuracy": 0.742, "epoch": 200, "_timestamp": 1687313563.914932, "_runtime": 8.215006113052368, "_step": 200, "test_loss": 0.760405421257019, "test_accuracy": 0.763, "_wandb": {"runtime": 7}}