{"training_loss": 0.31945696473121643, "training_accuracy": 0.9285714285714286, "validation_loss": 0.8764488697052002, "validation_accuracy": 0.754, "epoch": 200, "_timestamp": 1687311491.705172, "_runtime": 5.667026042938232, "_step": 200, "test_loss": 0.7934293746948242, "test_accuracy": 0.781, "_wandb": {"runtime": 4}}