{"training_loss": 0.5698168277740479, "training_accuracy": 0.8285714285714286, "validation_loss": 1.209556221961975, "validation_accuracy": 0.664, "epoch": 200, "_timestamp": 1687316853.334145, "_runtime": 7.908490180969238, "_step": 200, "test_loss": 1.0568842887878418, "test_accuracy": 0.685, "_wandb": {"runtime": 7}}