{"training_loss": 0.03515053540468216, "training_accuracy": 0.9928571428571429, "validation_loss": 1.0264086723327637, "validation_accuracy": 0.764, "epoch": 200, "_timestamp": 1687320082.4427688, "_runtime": 10.382255792617798, "_step": 200, "test_loss": 0.9939539432525635, "test_accuracy": 0.754, "_wandb": {"runtime": 9}}