{"training_loss": 0.27904364466667175, "training_accuracy": 0.9571428571428572, "validation_loss": 0.8506044745445251, "validation_accuracy": 0.752, "epoch": 200, "_timestamp": 1687309204.213156, "_runtime": 6.027064085006714, "_step": 200, "test_loss": 0.8170340061187744, "test_accuracy": 0.758, "_wandb": {"runtime": 5}}