{"training_loss": 0.5131340026855469, "training_accuracy": 0.8357142857142857, "validation_loss": 3.2474071979522705, "validation_accuracy": 0.552, "epoch": 199, "_timestamp": 1687294992.039024, "_runtime": 5.0488691329956055, "_step": 200, "test_loss": 2.8860361576080322, "test_accuracy": 0.547, "_wandb": {"runtime": 4}}