{"training_loss": 0.20792008936405182, "training_accuracy": 0.95, "validation_loss": 1.1218138933181763, "validation_accuracy": 0.704, "epoch": 200, "_timestamp": 1687319119.177553, "_runtime": 4.7635369300842285, "_step": 200, "test_loss": 1.0078085660934448, "test_accuracy": 0.709, "_wandb": {"runtime": 4}}