{"training_loss": 0.32409170269966125, "training_accuracy": 0.9142857142857143, "validation_loss": 1.302295207977295, "validation_accuracy": 0.57, "epoch": 200, "_timestamp": 1687319217.969874, "_runtime": 5.990152835845947, "_step": 200, "test_loss": 1.2748439311981201, "test_accuracy": 0.589, "_wandb": {"runtime": 5}}