{"training_loss": 0.05509733408689499, "training_accuracy": 1.0, "validation_loss": 0.8564450144767761, "validation_accuracy": 0.776, "epoch": 200, "_timestamp": 1687308396.534993, "_runtime": 5.384788990020752, "_step": 200, "test_loss": 0.8695752620697021, "test_accuracy": 0.776, "_wandb": {"runtime": 4}}