{"training_loss": 0.08549792319536209, "training_accuracy": 0.9928571428571429, "validation_loss": 1.2469329833984375, "validation_accuracy": 0.726, "epoch": 200, "_timestamp": 1687318323.194222, "_runtime": 6.455802917480469, "_step": 200, "test_loss": 0.9705657958984375, "test_accuracy": 0.746, "_wandb": {"runtime": 5}}