{"training_loss": 0.4087483584880829, "training_accuracy": 0.9142857142857143, "validation_loss": 1.0845202207565308, "validation_accuracy": 0.714, "epoch": 200, "_timestamp": 1687295226.043595, "_runtime": 4.039607048034668, "_step": 200, "test_loss": 0.982414186000824, "test_accuracy": 0.716, "_wandb": {"runtime": 3}}