{"training_loss": 0.21935243904590607, "training_accuracy": 0.9428571428571428, "validation_loss": 1.1944983005523682, "validation_accuracy": 0.724, "epoch": 200, "_timestamp": 1687317847.577813, "_runtime": 8.028442859649658, "_step": 200, "test_loss": 0.9580258727073669, "test_accuracy": 0.746, "_wandb": {"runtime": 7}}