{"training_loss": 0.4510643780231476, "training_accuracy": 0.9285714285714286, "validation_loss": 1.1302059888839722, "validation_accuracy": 0.706, "epoch": 200, "_timestamp": 1687314377.050389, "_runtime": 4.865434169769287, "_step": 200, "test_loss": 1.1009891033172607, "test_accuracy": 0.696, "_wandb": {"runtime": 4}}