{"training_loss": 0.18106436729431152, "training_accuracy": 0.9714285714285714, "validation_loss": 0.9385925531387329, "validation_accuracy": 0.722, "epoch": 200, "_timestamp": 1687297758.562529, "_runtime": 4.735936164855957, "_step": 200, "test_loss": 0.8334062695503235, "test_accuracy": 0.722, "_wandb": {"runtime": 4}}