{"training_loss": 0.3005395531654358, "training_accuracy": 0.9357142857142857, "validation_loss": 1.1624246835708618, "validation_accuracy": 0.708, "epoch": 200, "_timestamp": 1687317954.661945, "_runtime": 6.851333141326904, "_step": 200, "test_loss": 1.0324437618255615, "test_accuracy": 0.733, "_wandb": {"runtime": 6}}