{"training_loss": 0.14769507944583893, "training_accuracy": 0.9785714285714285, "validation_loss": 0.7598130106925964, "validation_accuracy": 0.774, "epoch": 200, "_timestamp": 1687308591.9256399, "_runtime": 4.245072841644287, "_step": 200, "test_loss": 0.7088429927825928, "test_accuracy": 0.767, "_wandb": {"runtime": 3}}