{"training_loss": 0.18848857283592224, "training_accuracy": 0.9214285714285714, "validation_loss": 1.3092942237854004, "validation_accuracy": 0.74, "epoch": 200, "_timestamp": 1687310951.0335202, "_runtime": 6.289077281951904, "_step": 200, "test_loss": 1.101364016532898, "test_accuracy": 0.735, "_wandb": {"runtime": 5}}