{"training_loss": 0.8916049599647522, "training_accuracy": 0.7142857142857143, "validation_loss": 1.206275224685669, "validation_accuracy": 0.668, "epoch": 200, "_timestamp": 1687298610.848591, "_runtime": 6.012547016143799, "_step": 200, "test_loss": 1.1564431190490723, "test_accuracy": 0.668, "_wandb": {"runtime": 5}}