{"training_loss": 0.8745393753051758, "training_accuracy": 0.6214285714285714, "validation_loss": 2.9933269023895264, "validation_accuracy": 0.368, "epoch": 200, "_timestamp": 1687298698.231337, "_runtime": 4.807667016983032, "_step": 200, "test_loss": 2.987361431121826, "test_accuracy": 0.367, "_wandb": {"runtime": 4}}