{"training_loss": 0.04969693720340729, "training_accuracy": 0.9928571428571429, "validation_loss": 1.7093524932861328, "validation_accuracy": 0.712, "epoch": 200, "_timestamp": 1687311071.467869, "_runtime": 7.234440088272095, "_step": 200, "test_loss": 1.5723381042480469, "test_accuracy": 0.714, "_wandb": {"runtime": 6}}