{"training_loss": 0.0649748221039772, "training_accuracy": 0.9857142857142858, "validation_loss": 1.3647325038909912, "validation_accuracy": 0.758, "epoch": 200, "_timestamp": 1687296734.870334, "_runtime": 7.239247798919678, "_step": 200, "test_loss": 1.212838888168335, "test_accuracy": 0.786, "_wandb": {"runtime": 6}}