{"training_loss": 0.4507622718811035, "training_accuracy": 0.8714285714285714, "validation_loss": 1.0534601211547852, "validation_accuracy": 0.636, "epoch": 200, "_timestamp": 1687311233.6050718, "_runtime": 8.858165740966797, "_step": 200, "test_loss": 1.052352786064148, "test_accuracy": 0.661, "_wandb": {"runtime": 3}}