{"training_loss": 0.06257647275924683, "training_accuracy": 1.0, "validation_loss": 0.890612006187439, "validation_accuracy": 0.75, "epoch": 200, "_timestamp": 1687311508.5863628, "_runtime": 7.034920930862427, "_step": 200, "test_loss": 0.7683938145637512, "test_accuracy": 0.765, "_wandb": {"runtime": 6}}