{"training_loss": 0.2051139771938324, "training_accuracy": 0.9428571428571428, "validation_loss": 1.3644919395446777, "validation_accuracy": 0.724, "epoch": 200, "_timestamp": 1687311361.060448, "_runtime": 4.4980149269104, "_step": 200, "test_loss": 1.3242442607879639, "test_accuracy": 0.729, "_wandb": {"runtime": 3}}