{"training_loss": 0.3392987847328186, "training_accuracy": 0.9214285714285714, "validation_loss": 0.8761242628097534, "validation_accuracy": 0.72, "epoch": 200, "_timestamp": 1687296749.033638, "_runtime": 4.976653099060059, "_step": 200, "test_loss": 0.8285501003265381, "test_accuracy": 0.748, "_wandb": {"runtime": 4}}