{"training_loss": 0.20308174192905426, "training_accuracy": 0.95, "validation_loss": 1.5653024911880493, "validation_accuracy": 0.69, "epoch": 200, "_timestamp": 1687319964.028648, "_runtime": 6.264340877532959, "_step": 200, "test_loss": 1.3825689554214478, "test_accuracy": 0.743, "_wandb": {"runtime": 5}}