{"training_loss": 0.1342228502035141, "training_accuracy": 0.9571428571428572, "validation_loss": 0.8020325303077698, "validation_accuracy": 0.776, "epoch": 200, "_timestamp": 1687298386.9457831, "_runtime": 8.109922170639038, "_step": 200, "test_loss": 0.7530069351196289, "test_accuracy": 0.77, "_wandb": {"runtime": 7}}