{"training_loss": 0.6073082685470581, "training_accuracy": 0.7642857142857142, "validation_loss": 1.7170395851135254, "validation_accuracy": 0.594, "epoch": 200, "_timestamp": 1687308196.2286289, "_runtime": 4.328767776489258, "_step": 200, "test_loss": 1.496456265449524, "test_accuracy": 0.58, "_wandb": {"runtime": 3}}