{"training_loss": 0.043659623712301254, "training_accuracy": 0.9928571428571429, "validation_loss": 1.654688835144043, "validation_accuracy": 0.746, "epoch": 200, "_timestamp": 1687308376.079682, "_runtime": 5.732034206390381, "_step": 200, "test_loss": 1.5535446405410767, "test_accuracy": 0.739, "_wandb": {"runtime": 5}}