{"training_loss": 0.12399222701787949, "training_accuracy": 0.9928571428571429, "validation_loss": 1.0153051614761353, "validation_accuracy": 0.72, "epoch": 200, "_timestamp": 1687308347.306437, "_runtime": 7.832610130310059, "_step": 200, "test_loss": 0.8658924698829651, "test_accuracy": 0.754, "_wandb": {"runtime": 7}}