{"training_loss": 0.027448173612356186, "training_accuracy": 0.9857142857142858, "validation_loss": 1.0713567733764648, "validation_accuracy": 0.752, "epoch": 200, "_timestamp": 1687314741.003417, "_runtime": 6.752072095870972, "_step": 200, "test_loss": 1.0619093179702759, "test_accuracy": 0.752, "_wandb": {"runtime": 6}}