{"training_loss": 0.448818176984787, "training_accuracy": 0.8285714285714286, "validation_loss": 1.5741568803787231, "validation_accuracy": 0.666, "epoch": 200, "_timestamp": 1687298568.132834, "_runtime": 5.2359299659729, "_step": 200, "test_loss": 1.4247591495513916, "test_accuracy": 0.671, "_wandb": {"runtime": 4}}