{"training_loss": 1.2205214500427246, "training_accuracy": 0.6, "validation_loss": 1.5304632186889648, "validation_accuracy": 0.482, "epoch": 200, "_timestamp": 1687309610.330065, "_runtime": 5.1363139152526855, "_step": 200, "test_loss": 1.4822138547897339, "test_accuracy": 0.517, "_wandb": {"runtime": 4}}