{"training_loss": 0.04547986388206482, "training_accuracy": 1.0, "validation_loss": 0.7834137678146362, "validation_accuracy": 0.778, "epoch": 200, "_timestamp": 1687296830.650988, "_runtime": 4.515348196029663, "_step": 200, "test_loss": 0.6868150234222412, "test_accuracy": 0.779, "_wandb": {"runtime": 4}}