{"training_loss": 0.16811038553714752, "training_accuracy": 0.95, "validation_loss": 1.1375956535339355, "validation_accuracy": 0.72, "epoch": 200, "_timestamp": 1687310665.614698, "_runtime": 3.8152389526367188, "_step": 200, "test_loss": 1.1644434928894043, "test_accuracy": 0.744, "_wandb": {"runtime": 3}}