{"training_loss": 0.9123846888542175, "training_accuracy": 0.6642857142857143, "validation_loss": 1.7930688858032227, "validation_accuracy": 0.514, "epoch": 200, "_timestamp": 1687297556.5984378, "_runtime": 5.771929740905762, "_step": 200, "test_loss": 1.5387214422225952, "test_accuracy": 0.541, "_wandb": {"runtime": 4}}