{"training_loss": 1.0655043125152588, "training_accuracy": 0.5142857142857142, "validation_loss": 1.479887843132019, "validation_accuracy": 0.444, "epoch": 200, "_timestamp": 1687298209.393731, "_runtime": 4.128169059753418, "_step": 200, "test_loss": 1.4767773151397705, "test_accuracy": 0.436, "_wandb": {"runtime": 3}}