{"training_loss": 0.2078634649515152, "training_accuracy": 0.9785714285714285, "validation_loss": 0.929935872554779, "validation_accuracy": 0.734, "epoch": 200, "_timestamp": 1687319466.284502, "_runtime": 5.838855028152466, "_step": 200, "test_loss": 0.8380044102668762, "test_accuracy": 0.753, "_wandb": {"runtime": 5}}