{"training_loss": 0.38800638914108276, "training_accuracy": 0.9142857142857143, "validation_loss": 0.9502368569374084, "validation_accuracy": 0.7, "epoch": 200, "_timestamp": 1687319092.9374259, "_runtime": 4.816933870315552, "_step": 200, "test_loss": 0.9152302742004395, "test_accuracy": 0.725, "_wandb": {"runtime": 4}}