{"training_loss": 0.08436337858438492, "training_accuracy": 0.9714285714285714, "validation_loss": 1.2780598402023315, "validation_accuracy": 0.722, "epoch": 200, "_timestamp": 1687313652.375851, "_runtime": 5.195765972137451, "_step": 200, "test_loss": 1.0153247117996216, "test_accuracy": 0.767, "_wandb": {"runtime": 4}}