{"training_loss": 0.5447102189064026, "training_accuracy": 0.8071428571428572, "validation_loss": 1.6854496002197266, "validation_accuracy": 0.652, "epoch": 200, "_timestamp": 1687297008.190922, "_runtime": 4.059911012649536, "_step": 200, "test_loss": 1.3524019718170166, "test_accuracy": 0.665, "_wandb": {"runtime": 3}}