{"training_loss": 0.057025399059057236, "training_accuracy": 0.9928571428571429, "validation_loss": 0.8984026312828064, "validation_accuracy": 0.764, "epoch": 200, "_timestamp": 1687297489.393982, "_runtime": 5.312747955322266, "_step": 200, "test_loss": 0.7970033884048462, "test_accuracy": 0.782, "_wandb": {"runtime": 4}}