{"training_loss": 0.20834685862064362, "training_accuracy": 0.9928571428571429, "validation_loss": 0.979143500328064, "validation_accuracy": 0.722, "epoch": 200, "_timestamp": 1687315648.3110468, "_runtime": 9.444233894348145, "_step": 200, "test_loss": 0.9166183471679688, "test_accuracy": 0.742, "_wandb": {"runtime": 8}}