{"training_loss": 0.05328139290213585, "training_accuracy": 0.9928571428571429, "validation_loss": 1.6868703365325928, "validation_accuracy": 0.734, "epoch": 200, "_timestamp": 1687313548.059078, "_runtime": 8.473160028457642, "_step": 200, "test_loss": 1.533576250076294, "test_accuracy": 0.743, "_wandb": {"runtime": 7}}