{"training_loss": 0.29505038261413574, "training_accuracy": 0.9142857142857143, "validation_loss": 1.029829502105713, "validation_accuracy": 0.724, "epoch": 200, "_timestamp": 1687297020.278379, "_runtime": 5.686178922653198, "_step": 200, "test_loss": 0.8869596719741821, "test_accuracy": 0.744, "_wandb": {"runtime": 5}}