{"training_loss": 0.1544250249862671, "training_accuracy": 0.9714285714285714, "validation_loss": 1.1052632331848145, "validation_accuracy": 0.748, "epoch": 200, "_timestamp": 1687312794.895631, "_runtime": 5.220445156097412, "_step": 200, "test_loss": 0.9916976094245911, "test_accuracy": 0.735, "_wandb": {"runtime": 4}}