{"training_loss": 0.1240307092666626, "training_accuracy": 0.9714285714285714, "validation_loss": 1.1682857275009155, "validation_accuracy": 0.668, "epoch": 200, "_timestamp": 1687310835.864754, "_runtime": 6.123489856719971, "_step": 200, "test_loss": 1.2147414684295654, "test_accuracy": 0.69, "_wandb": {"runtime": 5}}