{"training_loss": 0.044360820204019547, "training_accuracy": 1.0, "validation_loss": 0.9061283469200134, "validation_accuracy": 0.764, "epoch": 200, "_timestamp": 1687315772.48151, "_runtime": 8.272841930389404, "_step": 200, "test_loss": 0.8262537121772766, "test_accuracy": 0.773, "_wandb": {"runtime": 7}}