{"training_loss": 0.06577233225107193, "training_accuracy": 0.9785714285714285, "validation_loss": 1.118894338607788, "validation_accuracy": 0.73, "epoch": 200, "_timestamp": 1687316722.660946, "_runtime": 7.07201886177063, "_step": 200, "test_loss": 1.0507755279541016, "test_accuracy": 0.748, "_wandb": {"runtime": 5}}