{"training_loss": 0.10997013747692108, "training_accuracy": 0.9928571428571429, "validation_loss": 1.216936469078064, "validation_accuracy": 0.708, "epoch": 200, "_timestamp": 1687298305.9480371, "_runtime": 5.642644166946411, "_step": 200, "test_loss": 1.1982324123382568, "test_accuracy": 0.713, "_wandb": {"runtime": 5}}