{"training_loss": 0.020053502172231674, "training_accuracy": 0.9928571428571429, "validation_loss": 1.293605923652649, "validation_accuracy": 0.708, "epoch": 200, "_timestamp": 1687295378.2224672, "_runtime": 7.823883295059204, "_step": 200, "test_loss": 1.0808906555175781, "test_accuracy": 0.732, "_wandb": {"runtime": 7}}