{"training_loss": 0.07209590822458267, "training_accuracy": 0.9642857142857143, "validation_loss": 0.8760560154914856, "validation_accuracy": 0.778, "epoch": 200, "_timestamp": 1687312940.232337, "_runtime": 5.631063938140869, "_step": 200, "test_loss": 0.849962055683136, "test_accuracy": 0.774, "_wandb": {"runtime": 5}}