{"training_loss": 0.11010049283504486, "training_accuracy": 0.9785714285714285, "validation_loss": 1.0658388137817383, "validation_accuracy": 0.724, "epoch": 200, "_timestamp": 1687319950.094327, "_runtime": 7.276753902435303, "_step": 200, "test_loss": 1.0944421291351318, "test_accuracy": 0.727, "_wandb": {"runtime": 6}}