{"training_loss": 0.12472689151763916, "training_accuracy": 0.9785714285714285, "validation_loss": 0.9006332159042358, "validation_accuracy": 0.742, "epoch": 200, "_timestamp": 1687298859.8877928, "_runtime": 4.832434892654419, "_step": 200, "test_loss": 0.826911211013794, "test_accuracy": 0.746, "_wandb": {"runtime": 4}}