{"training_loss": 0.09311036020517349, "training_accuracy": 1.0, "validation_loss": 0.851832926273346, "validation_accuracy": 0.758, "epoch": 200, "_timestamp": 1687312572.4275131, "_runtime": 5.898078203201294, "_step": 200, "test_loss": 0.7957223057746887, "test_accuracy": 0.758, "_wandb": {"runtime": 5}}