{"training_loss": 0.18897370994091034, "training_accuracy": 0.95, "validation_loss": 0.989569902420044, "validation_accuracy": 0.746, "epoch": 200, "_timestamp": 1687296572.237813, "_runtime": 9.041974067687988, "_step": 200, "test_loss": 0.9062606692314148, "test_accuracy": 0.757, "_wandb": {"runtime": 4}}