{"training_loss": 0.5812003016471863, "training_accuracy": 0.8642857142857143, "validation_loss": 1.18935227394104, "validation_accuracy": 0.676, "epoch": 200, "_timestamp": 1687312783.133805, "_runtime": 4.4250710010528564, "_step": 200, "test_loss": 1.1382014751434326, "test_accuracy": 0.676, "_wandb": {"runtime": 3}}