{"training_loss": 0.40755781531333923, "training_accuracy": 0.8214285714285714, "validation_loss": 1.3037011623382568, "validation_accuracy": 0.66, "epoch": 200, "_timestamp": 1687296762.358051, "_runtime": 7.630582094192505, "_step": 200, "test_loss": 1.2872525453567505, "test_accuracy": 0.661, "_wandb": {"runtime": 7}}