{"training_loss": 0.916045606136322, "training_accuracy": 0.7214285714285714, "validation_loss": 1.4071803092956543, "validation_accuracy": 0.554, "epoch": 200, "_timestamp": 1687318091.380384, "_runtime": 6.662407875061035, "_step": 200, "test_loss": 1.3793699741363525, "test_accuracy": 0.578, "_wandb": {"runtime": 6}}