{"training_loss": 0.0965745598077774, "training_accuracy": 1.0, "validation_loss": 1.0862141847610474, "validation_accuracy": 0.646, "epoch": 200, "_timestamp": 1687312879.47141, "_runtime": 7.257574081420898, "_step": 200, "test_loss": 1.0456794500350952, "test_accuracy": 0.67, "_wandb": {"runtime": 6}}