{"training_loss": 0.13004451990127563, "training_accuracy": 0.9857142857142858, "validation_loss": 0.8514551520347595, "validation_accuracy": 0.74, "epoch": 200, "_timestamp": 1687315629.926209, "_runtime": 7.363337993621826, "_step": 200, "test_loss": 0.7425382733345032, "test_accuracy": 0.774, "_wandb": {"runtime": 6}}