{"training_loss": 0.44530150294303894, "training_accuracy": 0.8214285714285714, "validation_loss": 0.975541889667511, "validation_accuracy": 0.68, "epoch": 200, "_timestamp": 1687319238.76033, "_runtime": 5.657779932022095, "_step": 200, "test_loss": 0.9616619944572449, "test_accuracy": 0.69, "_wandb": {"runtime": 5}}