{"training_loss": 0.1032790020108223, "training_accuracy": 0.9785714285714285, "validation_loss": 0.9277387261390686, "validation_accuracy": 0.722, "epoch": 200, "_timestamp": 1687297475.135914, "_runtime": 6.322112083435059, "_step": 200, "test_loss": 0.8546715974807739, "test_accuracy": 0.723, "_wandb": {"runtime": 6}}