{"training_loss": 0.17846842110157013, "training_accuracy": 0.9571428571428572, "validation_loss": 1.2340854406356812, "validation_accuracy": 0.68, "epoch": 200, "_timestamp": 1687319064.962993, "_runtime": 7.691361904144287, "_step": 200, "test_loss": 1.0135142803192139, "test_accuracy": 0.704, "_wandb": {"runtime": 7}}