{"training_loss": 0.372122585773468, "training_accuracy": 0.9071428571428571, "validation_loss": 1.1562217473983765, "validation_accuracy": 0.632, "epoch": 200, "_timestamp": 1687310655.515842, "_runtime": 4.819014072418213, "_step": 200, "test_loss": 1.1135495901107788, "test_accuracy": 0.682, "_wandb": {"runtime": 4}}