{"training_loss": 0.18458089232444763, "training_accuracy": 0.9642857142857143, "validation_loss": 1.311650276184082, "validation_accuracy": 0.722, "epoch": 200, "_timestamp": 1687319315.6757, "_runtime": 5.165497064590454, "_step": 200, "test_loss": 1.0994484424591064, "test_accuracy": 0.712, "_wandb": {"runtime": 4}}