{"training_loss": 0.06318671256303787, "training_accuracy": 0.9857142857142858, "validation_loss": 0.9573162198066711, "validation_accuracy": 0.744, "epoch": 200, "_timestamp": 1687309776.8484778, "_runtime": 5.517936944961548, "_step": 200, "test_loss": 0.8592609763145447, "test_accuracy": 0.762, "_wandb": {"runtime": 4}}