{"training_loss": 0.04882332310080528, "training_accuracy": 0.9928571428571429, "validation_loss": 1.5563195943832397, "validation_accuracy": 0.718, "epoch": 200, "_timestamp": 1687295191.7842848, "_runtime": 6.191703796386719, "_step": 200, "test_loss": 1.3944498300552368, "test_accuracy": 0.738, "_wandb": {"runtime": 5}}