{"training_loss": 0.06114286556839943, "training_accuracy": 1.0, "validation_loss": 0.9256861805915833, "validation_accuracy": 0.752, "epoch": 200, "_timestamp": 1687295452.351594, "_runtime": 5.222277879714966, "_step": 200, "test_loss": 0.8399243950843811, "test_accuracy": 0.773, "_wandb": {"runtime": 4}}