{"training_loss": 0.7513224482536316, "training_accuracy": 0.7285714285714285, "validation_loss": 1.0526485443115234, "validation_accuracy": 0.71, "epoch": 200, "_timestamp": 1687295850.701302, "_runtime": 5.218062162399292, "_step": 200, "test_loss": 1.10970938205719, "test_accuracy": 0.675, "_wandb": {"runtime": 4}}