{"training_loss": 1.5107468366622925, "training_accuracy": 0.42857142857142855, "validation_loss": 1.6782655715942383, "validation_accuracy": 0.29, "epoch": 200, "_timestamp": 1687298415.178647, "_runtime": 4.773954153060913, "_step": 200, "test_loss": 1.6655092239379883, "test_accuracy": 0.291, "_wandb": {"runtime": 3}}