{"training_loss": 0.025144588202238083, "training_accuracy": 1.0, "validation_loss": 1.0271086692810059, "validation_accuracy": 0.738, "epoch": 200, "_timestamp": 1687313345.351388, "_runtime": 8.026166915893555, "_step": 200, "test_loss": 0.9010647535324097, "test_accuracy": 0.766, "_wandb": {"runtime": 7}}