{"training_loss": 1.6811761856079102, "training_accuracy": 0.7142857142857143, "validation_loss": 1.838167428970337, "validation_accuracy": 0.41, "epoch": 200, "_timestamp": 1687319002.004307, "_runtime": 5.771939992904663, "_step": 200, "test_loss": 1.8328243494033813, "test_accuracy": 0.4, "_wandb": {"runtime": 5}}