{"training_loss": 1.0963281393051147, "training_accuracy": 0.7285714285714285, "validation_loss": 1.5146095752716064, "validation_accuracy": 0.526, "epoch": 200, "_timestamp": 1687311621.590506, "_runtime": 6.147960186004639, "_step": 200, "test_loss": 1.5121393203735352, "test_accuracy": 0.544, "_wandb": {"runtime": 5}}