{"training_loss": 0.02575765922665596, "training_accuracy": 1.0, "validation_loss": 1.1248337030410767, "validation_accuracy": 0.75, "epoch": 200, "_timestamp": 1687314026.513186, "_runtime": 6.524007081985474, "_step": 200, "test_loss": 1.0352649688720703, "test_accuracy": 0.75, "_wandb": {"runtime": 5}}