{"training_loss": 0.3080946207046509, "training_accuracy": 0.9142857142857143, "validation_loss": 0.868741512298584, "validation_accuracy": 0.73, "epoch": 200, "_timestamp": 1687311841.9584792, "_runtime": 4.705839157104492, "_step": 200, "test_loss": 0.7901008725166321, "test_accuracy": 0.765, "_wandb": {"runtime": 4}}