{"training_loss": 0.4544825851917267, "training_accuracy": 0.8357142857142857, "validation_loss": 1.6750073432922363, "validation_accuracy": 0.658, "epoch": 200, "_timestamp": 1687296908.754483, "_runtime": 5.2744340896606445, "_step": 200, "test_loss": 1.6069726943969727, "test_accuracy": 0.668, "_wandb": {"runtime": 4}}