{"training_loss": 0.3028412461280823, "training_accuracy": 0.9285714285714286, "validation_loss": 0.8634199500083923, "validation_accuracy": 0.736, "epoch": 200, "_timestamp": 1687298586.857416, "_runtime": 3.8423709869384766, "_step": 200, "test_loss": 0.7801358699798584, "test_accuracy": 0.767, "_wandb": {"runtime": 3}}