{"training_loss": 0.1654358059167862, "training_accuracy": 1.0, "validation_loss": 0.9297242164611816, "validation_accuracy": 0.7, "epoch": 200, "_timestamp": 1687311455.2534049, "_runtime": 4.83925986289978, "_step": 200, "test_loss": 0.9008210897445679, "test_accuracy": 0.711, "_wandb": {"runtime": 4}}