{"training_loss": 0.09908590465784073, "training_accuracy": 0.9785714285714285, "validation_loss": 1.11757493019104, "validation_accuracy": 0.746, "epoch": 200, "_timestamp": 1687314435.928212, "_runtime": 6.220428943634033, "_step": 200, "test_loss": 1.1050584316253662, "test_accuracy": 0.719, "_wandb": {"runtime": 5}}