{"training_loss": 0.5685020089149475, "training_accuracy": 0.7571428571428571, "validation_loss": 1.4228886365890503, "validation_accuracy": 0.612, "epoch": 200, "_timestamp": 1687308133.428407, "_runtime": 4.072859048843384, "_step": 200, "test_loss": 1.3075097799301147, "test_accuracy": 0.628, "_wandb": {"runtime": 3}}