{"training_loss": 0.03165541961789131, "training_accuracy": 1.0, "validation_loss": 0.8129887580871582, "validation_accuracy": 0.78, "epoch": 200, "_timestamp": 1687320101.1431758, "_runtime": 8.662919759750366, "_step": 200, "test_loss": 0.7358549237251282, "test_accuracy": 0.783, "_wandb": {"runtime": 8}}