{"training_loss": 0.06723439693450928, "training_accuracy": 0.9785714285714285, "validation_loss": 0.9931773543357849, "validation_accuracy": 0.754, "epoch": 200, "_timestamp": 1687318354.070406, "_runtime": 10.15508484840393, "_step": 200, "test_loss": 0.8508056998252869, "test_accuracy": 0.768, "_wandb": {"runtime": 9}}