{"training_loss": 0.05814996361732483, "training_accuracy": 0.9928571428571429, "validation_loss": 1.2354545593261719, "validation_accuracy": 0.724, "epoch": 200, "_timestamp": 1687311636.79557, "_runtime": 5.987746000289917, "_step": 200, "test_loss": 1.0116430521011353, "test_accuracy": 0.737, "_wandb": {"runtime": 5}}