{"training_loss": 0.1492108255624771, "training_accuracy": 0.9642857142857143, "validation_loss": 2.039370536804199, "validation_accuracy": 0.658, "epoch": 200, "_timestamp": 1687298369.520386, "_runtime": 5.72659707069397, "_step": 200, "test_loss": 2.001677989959717, "test_accuracy": 0.657, "_wandb": {"runtime": 5}}