{"training_loss": 0.1434164196252823, "training_accuracy": 0.9571428571428572, "validation_loss": 2.5308516025543213, "validation_accuracy": 0.644, "epoch": 200, "_timestamp": 1687296895.4608681, "_runtime": 6.824734210968018, "_step": 200, "test_loss": 2.2429451942443848, "test_accuracy": 0.665, "_wandb": {"runtime": 6}}