{"training_loss": 0.24193336069583893, "training_accuracy": 0.9071428571428571, "validation_loss": 2.2745559215545654, "validation_accuracy": 0.668, "epoch": 200, "_timestamp": 1687297609.642903, "_runtime": 7.373889207839966, "_step": 200, "test_loss": 1.5813385248184204, "test_accuracy": 0.691, "_wandb": {"runtime": 7}}