{"training_loss": 0.130022794008255, "training_accuracy": 0.9714285714285714, "validation_loss": 0.9167424440383911, "validation_accuracy": 0.746, "epoch": 200, "_timestamp": 1687312544.483043, "_runtime": 4.092004060745239, "_step": 200, "test_loss": 0.8132110238075256, "test_accuracy": 0.751, "_wandb": {"runtime": 3}}