{"training_loss": 0.0670599639415741, "training_accuracy": 0.9928571428571429, "validation_loss": 2.256915807723999, "validation_accuracy": 0.664, "epoch": 200, "_timestamp": 1687319420.9668028, "_runtime": 7.140332937240601, "_step": 200, "test_loss": 1.9581397771835327, "test_accuracy": 0.707, "_wandb": {"runtime": 6}}