{"training_loss": 0.1932467669248581, "training_accuracy": 0.95, "validation_loss": 1.15993070602417, "validation_accuracy": 0.732, "epoch": 200, "_timestamp": 1687310919.2440908, "_runtime": 5.892159700393677, "_step": 200, "test_loss": 1.0682811737060547, "test_accuracy": 0.737, "_wandb": {"runtime": 4}}