{"training_loss": 1.8364813327789307, "training_accuracy": 0.7285714285714285, "validation_loss": 1.915413498878479, "validation_accuracy": 0.522, "epoch": 200, "_timestamp": 1687313176.8980749, "_runtime": 6.391740798950195, "_step": 200, "test_loss": 1.9135568141937256, "test_accuracy": 0.527, "_wandb": {"runtime": 5}}