{"training_loss": 1.731130599975586, "training_accuracy": 0.7928571428571428, "validation_loss": 1.854870080947876, "validation_accuracy": 0.628, "epoch": 200, "_timestamp": 1687295728.42711, "_runtime": 5.862053871154785, "_step": 200, "test_loss": 1.8525965213775635, "test_accuracy": 0.65, "_wandb": {"runtime": 5}}