{"training_loss": 1.1379090547561646, "training_accuracy": 0.5071428571428571, "validation_loss": 1.4277355670928955, "validation_accuracy": 0.522, "epoch": 200, "_timestamp": 1687310709.859586, "_runtime": 6.0747129917144775, "_step": 200, "test_loss": 1.403486728668213, "test_accuracy": 0.519, "_wandb": {"runtime": 5}}