{"training_loss": 0.602876603603363, "training_accuracy": 0.7857142857142857, "validation_loss": 1.2197935581207275, "validation_accuracy": 0.66, "epoch": 200, "_timestamp": 1687319266.565908, "_runtime": 6.089663982391357, "_step": 200, "test_loss": 1.1482588052749634, "test_accuracy": 0.661, "_wandb": {"runtime": 5}}