{"training_loss": 0.12188730388879776, "training_accuracy": 0.9928571428571429, "validation_loss": 0.9961888790130615, "validation_accuracy": 0.726, "epoch": 200, "_timestamp": 1687313577.9177139, "_runtime": 7.625653982162476, "_step": 200, "test_loss": 1.049667477607727, "test_accuracy": 0.708, "_wandb": {"runtime": 7}}