{"training_loss": 0.12352412194013596, "training_accuracy": 0.9714285714285714, "validation_loss": 0.9984488487243652, "validation_accuracy": 0.756, "epoch": 200, "_timestamp": 1687317830.962722, "_runtime": 6.825904130935669, "_step": 200, "test_loss": 0.8797214031219482, "test_accuracy": 0.753, "_wandb": {"runtime": 6}}