{"training_loss": 0.18362705409526825, "training_accuracy": 0.9428571428571428, "validation_loss": 1.053655743598938, "validation_accuracy": 0.762, "epoch": 200, "_timestamp": 1687314863.846817, "_runtime": 5.810090065002441, "_step": 200, "test_loss": 1.0786019563674927, "test_accuracy": 0.722, "_wandb": {"runtime": 4}}