{"training_loss": 0.530261218547821, "training_accuracy": 0.7785714285714286, "validation_loss": 3.2572741508483887, "validation_accuracy": 0.576, "epoch": 200, "_timestamp": 1687297686.056607, "_runtime": 5.577371120452881, "_step": 200, "test_loss": 2.7085981369018555, "test_accuracy": 0.613, "_wandb": {"runtime": 5}}