{"training_loss": 0.0628185123205185, "training_accuracy": 0.9714285714285714, "validation_loss": 1.19943368434906, "validation_accuracy": 0.772, "epoch": 200, "_timestamp": 1687296996.263904, "_runtime": 7.641641139984131, "_step": 200, "test_loss": 0.9914257526397705, "test_accuracy": 0.783, "_wandb": {"runtime": 7}}