{"training_loss": 0.2158833146095276, "training_accuracy": 0.9714285714285714, "validation_loss": 0.905279278755188, "validation_accuracy": 0.714, "epoch": 200, "_timestamp": 1687296926.129237, "_runtime": 4.043079853057861, "_step": 200, "test_loss": 0.8482685685157776, "test_accuracy": 0.765, "_wandb": {"runtime": 3}}