{"training_loss": 0.10959358513355255, "training_accuracy": 1.0, "validation_loss": 1.012442946434021, "validation_accuracy": 0.674, "epoch": 200, "_timestamp": 1687312732.963587, "_runtime": 5.092154026031494, "_step": 200, "test_loss": 0.9322766065597534, "test_accuracy": 0.712, "_wandb": {"runtime": 4}}