{"training_loss": 0.03971043601632118, "training_accuracy": 0.9928571428571429, "validation_loss": 1.3832323551177979, "validation_accuracy": 0.728, "epoch": 200, "_timestamp": 1687317978.537025, "_runtime": 14.336159944534302, "_step": 200, "test_loss": 1.1765881776809692, "test_accuracy": 0.737, "_wandb": {"runtime": 6}}