{"training_loss": 0.10585413873195648, "training_accuracy": 0.9857142857142858, "validation_loss": 0.7592224478721619, "validation_accuracy": 0.772, "epoch": 200, "_timestamp": 1687319503.530209, "_runtime": 6.534454107284546, "_step": 200, "test_loss": 0.7393661141395569, "test_accuracy": 0.77, "_wandb": {"runtime": 5}}