{"training_loss": 0.8194175958633423, "training_accuracy": 0.6642857142857143, "validation_loss": 2.801283836364746, "validation_accuracy": 0.338, "epoch": 200, "_timestamp": 1687296212.973214, "_runtime": 6.656632900238037, "_step": 200, "test_loss": 2.5284698009490967, "test_accuracy": 0.342, "_wandb": {"runtime": 6}}