{"training_loss": 0.02721644565463066, "training_accuracy": 1.0, "validation_loss": 1.2256447076797485, "validation_accuracy": 0.742, "epoch": 200, "_timestamp": 1687314476.7439501, "_runtime": 6.093092203140259, "_step": 200, "test_loss": 1.0740458965301514, "test_accuracy": 0.758, "_wandb": {"runtime": 5}}