{"training_loss": 0.06514982134103775, "training_accuracy": 0.9785714285714285, "validation_loss": 1.051895260810852, "validation_accuracy": 0.75, "epoch": 200, "_timestamp": 1687317144.028564, "_runtime": 7.43375301361084, "_step": 200, "test_loss": 1.1070445775985718, "test_accuracy": 0.753, "_wandb": {"runtime": 6}}