{"training_loss": 0.164875790476799, "training_accuracy": 0.9857142857142858, "validation_loss": 0.930192768573761, "validation_accuracy": 0.73, "epoch": 200, "_timestamp": 1687318849.030373, "_runtime": 5.370472192764282, "_step": 200, "test_loss": 0.8167499303817749, "test_accuracy": 0.761, "_wandb": {"runtime": 4}}