{"training_loss": 0.1003095731139183, "training_accuracy": 0.9857142857142858, "validation_loss": 0.9244089126586914, "validation_accuracy": 0.726, "epoch": 200, "_timestamp": 1687314713.106404, "_runtime": 3.9692611694335938, "_step": 200, "test_loss": 0.8020750284194946, "test_accuracy": 0.76, "_wandb": {"runtime": 3}}