{"training_loss": 1.6942017078399658, "training_accuracy": 0.6, "validation_loss": 1.8016437292099, "validation_accuracy": 0.366, "epoch": 200, "_timestamp": 1687318401.089223, "_runtime": 6.14202880859375, "_step": 200, "test_loss": 1.8062758445739746, "test_accuracy": 0.337, "_wandb": {"runtime": 5}}