{"training_loss": 0.16707633435726166, "training_accuracy": 0.9357142857142857, "validation_loss": 2.651520252227783, "validation_accuracy": 0.692, "epoch": 200, "_timestamp": 1687297135.160245, "_runtime": 8.092921018600464, "_step": 200, "test_loss": 2.432948350906372, "test_accuracy": 0.673, "_wandb": {"runtime": 7}}