{"training_loss": 0.12007567286491394, "training_accuracy": 0.9785714285714285, "validation_loss": 0.9055655598640442, "validation_accuracy": 0.758, "epoch": 200, "_timestamp": 1687317381.34136, "_runtime": 6.960512161254883, "_step": 200, "test_loss": 0.7813976407051086, "test_accuracy": 0.776, "_wandb": {"runtime": 6}}