{"training_loss": 0.4131188690662384, "training_accuracy": 0.8785714285714286, "validation_loss": 1.687842845916748, "validation_accuracy": 0.676, "epoch": 200, "_timestamp": 1687308361.956737, "_runtime": 6.856159925460815, "_step": 200, "test_loss": 1.459011435508728, "test_accuracy": 0.678, "_wandb": {"runtime": 6}}