{"training_loss": 0.22571156919002533, "training_accuracy": 0.9428571428571428, "validation_loss": 0.8540413975715637, "validation_accuracy": 0.75, "epoch": 200, "_timestamp": 1687298262.374047, "_runtime": 3.6440911293029785, "_step": 200, "test_loss": 0.7507092952728271, "test_accuracy": 0.776, "_wandb": {"runtime": 3}}