{"training_loss": 0.1732415109872818, "training_accuracy": 0.9571428571428572, "validation_loss": 0.8272199034690857, "validation_accuracy": 0.77, "epoch": 200, "_timestamp": 1687317892.190155, "_runtime": 5.8123369216918945, "_step": 200, "test_loss": 0.7628009915351868, "test_accuracy": 0.773, "_wandb": {"runtime": 5}}