{"training_loss": 0.030965546146035194, "training_accuracy": 1.0, "validation_loss": 1.014601230621338, "validation_accuracy": 0.748, "epoch": 200, "_timestamp": 1687309342.4235039, "_runtime": 5.895542860031128, "_step": 200, "test_loss": 0.8442792296409607, "test_accuracy": 0.748, "_wandb": {"runtime": 5}}