{"training_loss": 0.053245075047016144, "training_accuracy": 1.0, "validation_loss": 1.1118937730789185, "validation_accuracy": 0.75, "epoch": 200, "_timestamp": 1687311801.857493, "_runtime": 5.327433824539185, "_step": 200, "test_loss": 1.0117287635803223, "test_accuracy": 0.77, "_wandb": {"runtime": 4}}