{"training_loss": 0.07089696079492569, "training_accuracy": 0.9857142857142858, "validation_loss": 0.9515578150749207, "validation_accuracy": 0.74, "epoch": 200, "_timestamp": 1687317907.776696, "_runtime": 6.260555982589722, "_step": 200, "test_loss": 0.9452794194221497, "test_accuracy": 0.743, "_wandb": {"runtime": 5}}