{"training_loss": 0.7546231150627136, "training_accuracy": 0.6714285714285714, "validation_loss": 1.211174488067627, "validation_accuracy": 0.628, "epoch": 200, "_timestamp": 1687297586.3426602, "_runtime": 4.3770551681518555, "_step": 200, "test_loss": 1.2307095527648926, "test_accuracy": 0.648, "_wandb": {"runtime": 4}}