{"training_loss": 0.14618316292762756, "training_accuracy": 0.9714285714285714, "validation_loss": 1.2802636623382568, "validation_accuracy": 0.724, "epoch": 200, "_timestamp": 1687308077.442435, "_runtime": 5.747299909591675, "_step": 200, "test_loss": 1.2742174863815308, "test_accuracy": 0.708, "_wandb": {"runtime": 5}}