{"training_loss": 0.06824217736721039, "training_accuracy": 0.9785714285714285, "validation_loss": 1.081212043762207, "validation_accuracy": 0.754, "epoch": 200, "_timestamp": 1687313329.922197, "_runtime": 8.616162061691284, "_step": 200, "test_loss": 0.9256954193115234, "test_accuracy": 0.768, "_wandb": {"runtime": 8}}