{"training_loss": 0.16478078067302704, "training_accuracy": 0.95, "validation_loss": 2.069890022277832, "validation_accuracy": 0.692, "epoch": 200, "_timestamp": 1687297813.071142, "_runtime": 7.560378074645996, "_step": 200, "test_loss": 1.7676790952682495, "test_accuracy": 0.709, "_wandb": {"runtime": 7}}