{"training_loss": 0.1187158152461052, "training_accuracy": 0.9857142857142858, "validation_loss": 0.858695387840271, "validation_accuracy": 0.756, "epoch": 200, "_timestamp": 1687317035.642814, "_runtime": 6.971101999282837, "_step": 200, "test_loss": 0.7964281439781189, "test_accuracy": 0.775, "_wandb": {"runtime": 6}}