{"training_loss": 1.5467268228530884, "training_accuracy": 0.5357142857142857, "validation_loss": 1.667238473892212, "validation_accuracy": 0.398, "epoch": 200, "_timestamp": 1687308270.102258, "_runtime": 4.273247003555298, "_step": 200, "test_loss": 1.658557415008545, "test_accuracy": 0.409, "_wandb": {"runtime": 3}}