{"training_loss": 0.028246203437447548, "training_accuracy": 0.9928571428571429, "validation_loss": 1.6996573209762573, "validation_accuracy": 0.738, "epoch": 200, "_timestamp": 1687311576.242371, "_runtime": 7.789941072463989, "_step": 200, "test_loss": 1.4337794780731201, "test_accuracy": 0.766, "_wandb": {"runtime": 7}}