{"training_loss": 0.05639910325407982, "training_accuracy": 1.0, "validation_loss": 0.8148910403251648, "validation_accuracy": 0.744, "epoch": 200, "_timestamp": 1687319438.155333, "_runtime": 7.929121017456055, "_step": 200, "test_loss": 0.7466468214988708, "test_accuracy": 0.772, "_wandb": {"runtime": 7}}