{"training_loss": 0.08962834626436234, "training_accuracy": 0.9928571428571429, "validation_loss": 0.8410710096359253, "validation_accuracy": 0.734, "epoch": 200, "_timestamp": 1687310771.853864, "_runtime": 6.451412916183472, "_step": 200, "test_loss": 0.7655763030052185, "test_accuracy": 0.764, "_wandb": {"runtime": 5}}