{"training_loss": 0.5946353673934937, "training_accuracy": 0.8, "validation_loss": 2.4561827182769775, "validation_accuracy": 0.59, "epoch": 200, "_timestamp": 1687295362.5032809, "_runtime": 6.896248817443848, "_step": 200, "test_loss": 2.2339444160461426, "test_accuracy": 0.626, "_wandb": {"runtime": 6}}