{"training_loss": 0.28397661447525024, "training_accuracy": 0.9214285714285714, "validation_loss": 2.1266181468963623, "validation_accuracy": 0.632, "epoch": 200, "_timestamp": 1687312924.926193, "_runtime": 6.334470987319946, "_step": 200, "test_loss": 1.9408481121063232, "test_accuracy": 0.65, "_wandb": {"runtime": 5}}