{"training_loss": 0.20399464666843414, "training_accuracy": 0.9428571428571428, "validation_loss": 1.0485759973526, "validation_accuracy": 0.722, "epoch": 199, "_timestamp": 1687294980.897825, "_runtime": 4.184652090072632, "_step": 200, "test_loss": 1.035262942314148, "test_accuracy": 0.741, "_wandb": {"runtime": 3}}