{"training_loss": 0.614762544631958, "training_accuracy": 0.9571428571428572, "validation_loss": 1.4109044075012207, "validation_accuracy": 0.632, "epoch": 200, "_timestamp": 1687312587.215137, "_runtime": 5.71620512008667, "_step": 200, "test_loss": 1.3864487409591675, "test_accuracy": 0.665, "_wandb": {"runtime": 5}}