{"training_loss": 0.16172495484352112, "training_accuracy": 0.9642857142857143, "validation_loss": 1.2632405757904053, "validation_accuracy": 0.716, "epoch": 200, "_timestamp": 1687317506.0103931, "_runtime": 8.060376167297363, "_step": 200, "test_loss": 1.0483856201171875, "test_accuracy": 0.75, "_wandb": {"runtime": 7}}