{"training_loss": 0.08725772053003311, "training_accuracy": 0.9928571428571429, "validation_loss": 1.0333120822906494, "validation_accuracy": 0.73, "epoch": 200, "_timestamp": 1687297076.296822, "_runtime": 5.88082218170166, "_step": 200, "test_loss": 0.8864583969116211, "test_accuracy": 0.751, "_wandb": {"runtime": 5}}