{"training_loss": 0.06940596550703049, "training_accuracy": 1.0, "validation_loss": 0.9234151244163513, "validation_accuracy": 0.708, "epoch": 200, "_timestamp": 1687298221.9136791, "_runtime": 6.126572132110596, "_step": 200, "test_loss": 0.885317325592041, "test_accuracy": 0.736, "_wandb": {"runtime": 5}}