{"training_loss": 0.5699020624160767, "training_accuracy": 0.7857142857142857, "validation_loss": 1.2298861742019653, "validation_accuracy": 0.556, "epoch": 200, "_timestamp": 1687318008.752827, "_runtime": 6.885803937911987, "_step": 200, "test_loss": 1.1196436882019043, "test_accuracy": 0.557, "_wandb": {"runtime": 6}}