{"training_loss": 0.1124180406332016, "training_accuracy": 0.9857142857142858, "validation_loss": 0.8565067052841187, "validation_accuracy": 0.774, "epoch": 200, "_timestamp": 1687313874.21489, "_runtime": 5.383636951446533, "_step": 200, "test_loss": 0.7471267580986023, "test_accuracy": 0.787, "_wandb": {"runtime": 4}}