{"training_loss": 0.6047182083129883, "training_accuracy": 0.8, "validation_loss": 2.5533361434936523, "validation_accuracy": 0.484, "epoch": 200, "_timestamp": 1687319383.558367, "_runtime": 5.700155019760132, "_step": 200, "test_loss": 2.5673227310180664, "test_accuracy": 0.49, "_wandb": {"runtime": 5}}