{"training_loss": 0.11036522686481476, "training_accuracy": 1.0, "validation_loss": 0.8025776147842407, "validation_accuracy": 0.76, "epoch": 200, "_timestamp": 1687316781.763496, "_runtime": 5.290632963180542, "_step": 200, "test_loss": 0.7660149931907654, "test_accuracy": 0.763, "_wandb": {"runtime": 4}}