{"training_loss": 0.03999884054064751, "training_accuracy": 1.0, "validation_loss": 2.417513370513916, "validation_accuracy": 0.678, "epoch": 200, "_timestamp": 1687312827.134342, "_runtime": 7.1880810260772705, "_step": 200, "test_loss": 1.849870204925537, "test_accuracy": 0.712, "_wandb": {"runtime": 6}}