{"training_loss": 0.25379928946495056, "training_accuracy": 0.9214285714285714, "validation_loss": 1.2841496467590332, "validation_accuracy": 0.716, "epoch": 200, "_timestamp": 1687319048.4740999, "_runtime": 6.065426826477051, "_step": 200, "test_loss": 1.182031273841858, "test_accuracy": 0.744, "_wandb": {"runtime": 5}}