{"training_loss": 0.060382310301065445, "training_accuracy": 0.9857142857142858, "validation_loss": 1.053540825843811, "validation_accuracy": 0.76, "epoch": 200, "_timestamp": 1687318834.409478, "_runtime": 5.93346095085144, "_step": 200, "test_loss": 0.914391040802002, "test_accuracy": 0.777, "_wandb": {"runtime": 5}}