{"training_loss": 0.1490183025598526, "training_accuracy": 0.9642857142857143, "validation_loss": 0.989119827747345, "validation_accuracy": 0.698, "epoch": 200, "_timestamp": 1687318989.94671, "_runtime": 5.607047080993652, "_step": 200, "test_loss": 0.964438796043396, "test_accuracy": 0.724, "_wandb": {"runtime": 5}}