{"training_loss": 0.23151740431785583, "training_accuracy": 0.9785714285714285, "validation_loss": 0.8836573362350464, "validation_accuracy": 0.702, "epoch": 200, "_timestamp": 1687315935.825279, "_runtime": 9.441056966781616, "_step": 200, "test_loss": 0.7928401231765747, "test_accuracy": 0.756, "_wandb": {"runtime": 8}}