{"training_loss": 0.09477726370096207, "training_accuracy": 0.9857142857142858, "validation_loss": 1.0524556636810303, "validation_accuracy": 0.768, "epoch": 200, "_timestamp": 1687318820.151653, "_runtime": 6.742810964584351, "_step": 200, "test_loss": 1.0574629306793213, "test_accuracy": 0.764, "_wandb": {"runtime": 6}}