{"training_loss": 0.1932508945465088, "training_accuracy": 0.95, "validation_loss": 1.787107229232788, "validation_accuracy": 0.69, "epoch": 200, "_timestamp": 1687310992.3789928, "_runtime": 5.455040693283081, "_step": 200, "test_loss": 1.6620442867279053, "test_accuracy": 0.702, "_wandb": {"runtime": 4}}