{"training_loss": 0.14073170721530914, "training_accuracy": 0.9714285714285714, "validation_loss": 0.9365414977073669, "validation_accuracy": 0.762, "epoch": 200, "_timestamp": 1687311728.299627, "_runtime": 4.921259164810181, "_step": 200, "test_loss": 0.8232441544532776, "test_accuracy": 0.777, "_wandb": {"runtime": 4}}