{"training_loss": 0.046705491840839386, "training_accuracy": 1.0, "validation_loss": 0.8408921360969543, "validation_accuracy": 0.758, "epoch": 200, "_timestamp": 1687309073.174526, "_runtime": 5.846617937088013, "_step": 200, "test_loss": 0.734815776348114, "test_accuracy": 0.773, "_wandb": {"runtime": 5}}