{"training_loss": 0.17542146146297455, "training_accuracy": 0.9642857142857143, "validation_loss": 1.0064903497695923, "validation_accuracy": 0.726, "epoch": 200, "_timestamp": 1687310980.520564, "_runtime": 3.9636220932006836, "_step": 200, "test_loss": 0.8462080359458923, "test_accuracy": 0.77, "_wandb": {"runtime": 3}}