{"training_loss": 0.19187447428703308, "training_accuracy": 0.9928571428571429, "validation_loss": 0.9412201642990112, "validation_accuracy": 0.714, "epoch": 200, "_timestamp": 1687315022.095395, "_runtime": 4.143109083175659, "_step": 200, "test_loss": 0.894263505935669, "test_accuracy": 0.737, "_wandb": {"runtime": 3}}