{"training_loss": 0.37353044748306274, "training_accuracy": 0.9142857142857143, "validation_loss": 1.5028141736984253, "validation_accuracy": 0.69, "epoch": 200, "_timestamp": 1687295261.984042, "_runtime": 4.016088008880615, "_step": 200, "test_loss": 1.2202095985412598, "test_accuracy": 0.702, "_wandb": {"runtime": 3}}