{"training_loss": 0.1576186716556549, "training_accuracy": 0.9785714285714285, "validation_loss": 0.9012446403503418, "validation_accuracy": 0.73, "epoch": 200, "_timestamp": 1687297941.765394, "_runtime": 5.500716924667358, "_step": 200, "test_loss": 0.8603358268737793, "test_accuracy": 0.754, "_wandb": {"runtime": 5}}