{"training_loss": 0.6318164467811584, "training_accuracy": 0.7857142857142857, "validation_loss": 1.419345498085022, "validation_accuracy": 0.626, "epoch": 200, "_timestamp": 1687318787.874729, "_runtime": 6.474352836608887, "_step": 200, "test_loss": 1.5422965288162231, "test_accuracy": 0.592, "_wandb": {"runtime": 5}}