{"training_loss": 0.20024380087852478, "training_accuracy": 0.9642857142857143, "validation_loss": 1.1665396690368652, "validation_accuracy": 0.624, "epoch": 200, "_timestamp": 1687313528.756018, "_runtime": 5.795367002487183, "_step": 200, "test_loss": 1.061196208000183, "test_accuracy": 0.673, "_wandb": {"runtime": 5}}