{"training_loss": 0.29949629306793213, "training_accuracy": 0.9214285714285714, "validation_loss": 1.2584810256958008, "validation_accuracy": 0.612, "epoch": 200, "_timestamp": 1687295615.62657, "_runtime": 3.801637887954712, "_step": 200, "test_loss": 1.1281706094741821, "test_accuracy": 0.65, "_wandb": {"runtime": 3}}