{"training_loss": 0.19295890629291534, "training_accuracy": 0.9642857142857143, "validation_loss": 1.1892493963241577, "validation_accuracy": 0.712, "epoch": 200, "_timestamp": 1687311740.4252632, "_runtime": 6.009109258651733, "_step": 200, "test_loss": 1.0859029293060303, "test_accuracy": 0.729, "_wandb": {"runtime": 5}}