{"training_loss": 0.3319186568260193, "training_accuracy": 0.9071428571428571, "validation_loss": 1.8908538818359375, "validation_accuracy": 0.656, "epoch": 200, "_timestamp": 1687297827.855319, "_runtime": 6.601532936096191, "_step": 200, "test_loss": 1.6544982194900513, "test_accuracy": 0.692, "_wandb": {"runtime": 6}}