{"training_loss": 0.25404107570648193, "training_accuracy": 0.9642857142857143, "validation_loss": 0.8885424137115479, "validation_accuracy": 0.74, "epoch": 200, "_timestamp": 1687319932.219848, "_runtime": 5.455014944076538, "_step": 200, "test_loss": 0.8286504149436951, "test_accuracy": 0.777, "_wandb": {"runtime": 4}}