{"training_loss": 0.027791835367679596, "training_accuracy": 1.0, "validation_loss": 1.5315741300582886, "validation_accuracy": 0.738, "epoch": 200, "_timestamp": 1687311477.3576782, "_runtime": 6.6533522605896, "_step": 200, "test_loss": 1.2638152837753296, "test_accuracy": 0.749, "_wandb": {"runtime": 5}}