{"training_loss": 1.6178923845291138, "training_accuracy": 0.5571428571428572, "validation_loss": 1.7965656518936157, "validation_accuracy": 0.336, "epoch": 200, "_timestamp": 1687295296.0591722, "_runtime": 6.667136192321777, "_step": 200, "test_loss": 1.7909173965454102, "test_accuracy": 0.36, "_wandb": {"runtime": 6}}