{"training_loss": 0.3369830846786499, "training_accuracy": 0.9, "validation_loss": 1.1419897079467773, "validation_accuracy": 0.712, "epoch": 200, "_timestamp": 1687296088.341913, "_runtime": 5.015995025634766, "_step": 200, "test_loss": 0.9504085779190063, "test_accuracy": 0.743, "_wandb": {"runtime": 4}}