{"training_loss": 0.062443263828754425, "training_accuracy": 1.0, "validation_loss": 0.9079988598823547, "validation_accuracy": 0.734, "epoch": 200, "_timestamp": 1687309729.718879, "_runtime": 5.800749063491821, "_step": 200, "test_loss": 0.8745779991149902, "test_accuracy": 0.759, "_wandb": {"runtime": 5}}