{"training_loss": 0.178826704621315, "training_accuracy": 1.0, "validation_loss": 0.9997202754020691, "validation_accuracy": 0.68, "epoch": 200, "_timestamp": 1687314596.149316, "_runtime": 6.175256013870239, "_step": 200, "test_loss": 0.9544024467468262, "test_accuracy": 0.724, "_wandb": {"runtime": 4}}