{"training_loss": 0.17415602505207062, "training_accuracy": 0.9642857142857143, "validation_loss": 0.8556574583053589, "validation_accuracy": 0.754, "epoch": 200, "_timestamp": 1687314894.00928, "_runtime": 5.466330051422119, "_step": 200, "test_loss": 0.7651919722557068, "test_accuracy": 0.758, "_wandb": {"runtime": 4}}