{"training_loss": 0.11182558536529541, "training_accuracy": 0.9714285714285714, "validation_loss": 0.9654532670974731, "validation_accuracy": 0.736, "epoch": 200, "_timestamp": 1687318105.3049228, "_runtime": 5.474330902099609, "_step": 200, "test_loss": 0.9230250716209412, "test_accuracy": 0.759, "_wandb": {"runtime": 4}}