{"training_loss": 0.13509462773799896, "training_accuracy": 0.9642857142857143, "validation_loss": 1.02299165725708, "validation_accuracy": 0.746, "epoch": 200, "_timestamp": 1687317397.2801, "_runtime": 7.660988092422485, "_step": 200, "test_loss": 0.8946693539619446, "test_accuracy": 0.764, "_wandb": {"runtime": 7}}