{"training_loss": 0.6019513607025146, "training_accuracy": 0.8071428571428572, "validation_loss": 1.1620352268218994, "validation_accuracy": 0.678, "epoch": 200, "_timestamp": 1687298597.920942, "_runtime": 3.9668900966644287, "_step": 200, "test_loss": 1.1703420877456665, "test_accuracy": 0.658, "_wandb": {"runtime": 3}}