{"training_loss": 0.2633676826953888, "training_accuracy": 0.9142857142857143, "validation_loss": 0.9443235993385315, "validation_accuracy": 0.724, "epoch": 200, "_timestamp": 1687297864.777629, "_runtime": 6.585510015487671, "_step": 200, "test_loss": 0.8605794310569763, "test_accuracy": 0.732, "_wandb": {"runtime": 6}}