{"training_loss": 0.10637130588293076, "training_accuracy": 0.9857142857142858, "validation_loss": 0.8343724608421326, "validation_accuracy": 0.762, "epoch": 200, "_timestamp": 1687314940.9566212, "_runtime": 5.344916105270386, "_step": 200, "test_loss": 0.7630057334899902, "test_accuracy": 0.776, "_wandb": {"runtime": 4}}