{"training_loss": 0.09089580178260803, "training_accuracy": 0.9857142857142858, "validation_loss": 0.893912672996521, "validation_accuracy": 0.756, "epoch": 200, "_timestamp": 1687310787.058788, "_runtime": 5.151431083679199, "_step": 200, "test_loss": 0.8363395929336548, "test_accuracy": 0.779, "_wandb": {"runtime": 4}}