{"training_loss": 0.09197670966386795, "training_accuracy": 0.9928571428571429, "validation_loss": 0.9037915468215942, "validation_accuracy": 0.74, "epoch": 200, "_timestamp": 1687317309.7489128, "_runtime": 7.34942889213562, "_step": 200, "test_loss": 0.7828125953674316, "test_accuracy": 0.752, "_wandb": {"runtime": 6}}