{"training_loss": 1.7858152389526367, "training_accuracy": 0.3357142857142857, "validation_loss": 1.8407435417175293, "validation_accuracy": 0.304, "epoch": 200, "_timestamp": 1687298529.673553, "_runtime": 3.934861898422241, "_step": 200, "test_loss": 1.844914436340332, "test_accuracy": 0.288, "_wandb": {"runtime": 3}}