{"training_loss": 1.6059821844100952, "training_accuracy": 0.6714285714285714, "validation_loss": 1.757008671760559, "validation_accuracy": 0.516, "epoch": 200, "_timestamp": 1687318259.152878, "_runtime": 8.188254117965698, "_step": 200, "test_loss": 1.7541944980621338, "test_accuracy": 0.512, "_wandb": {"runtime": 7}}