{"training_loss": 1.8789304494857788, "training_accuracy": 0.5142857142857142, "validation_loss": 1.9236518144607544, "validation_accuracy": 0.354, "epoch": 200, "_timestamp": 1687308519.6102998, "_runtime": 4.116829872131348, "_step": 200, "test_loss": 1.9211914539337158, "test_accuracy": 0.418, "_wandb": {"runtime": 3}}