{"training_loss": 0.02756086178123951, "training_accuracy": 1.0, "validation_loss": 1.3285677433013916, "validation_accuracy": 0.702, "epoch": 200, "_timestamp": 1687320117.2693691, "_runtime": 8.545663118362427, "_step": 200, "test_loss": 1.1052840948104858, "test_accuracy": 0.749, "_wandb": {"runtime": 8}}