{"training_loss": 0.434445321559906, "training_accuracy": 0.8785714285714286, "validation_loss": 0.9867234230041504, "validation_accuracy": 0.686, "epoch": 200, "_timestamp": 1687298273.311998, "_runtime": 4.6229259967803955, "_step": 200, "test_loss": 0.9516928791999817, "test_accuracy": 0.714, "_wandb": {"runtime": 4}}