{"training_loss": 0.04567870497703552, "training_accuracy": 1.0, "validation_loss": 1.0015957355499268, "validation_accuracy": 0.74, "epoch": 200, "_timestamp": 1687309637.347904, "_runtime": 6.620457887649536, "_step": 200, "test_loss": 0.8461521863937378, "test_accuracy": 0.769, "_wandb": {"runtime": 6}}