{"training_loss": 0.038908157497644424, "training_accuracy": 1.0, "validation_loss": 0.9904100894927979, "validation_accuracy": 0.746, "epoch": 200, "_timestamp": 1687315086.452506, "_runtime": 6.1022210121154785, "_step": 200, "test_loss": 0.880866289138794, "test_accuracy": 0.752, "_wandb": {"runtime": 5}}