{"training_loss": 0.09364190697669983, "training_accuracy": 0.9928571428571429, "validation_loss": 0.8091147541999817, "validation_accuracy": 0.744, "epoch": 200, "_timestamp": 1687315919.036337, "_runtime": 8.538336992263794, "_step": 200, "test_loss": 0.7450978755950928, "test_accuracy": 0.769, "_wandb": {"runtime": 7}}