{"training_loss": 0.0775284469127655, "training_accuracy": 0.9928571428571429, "validation_loss": 1.4325412511825562, "validation_accuracy": 0.716, "epoch": 200, "_timestamp": 1687313638.2850611, "_runtime": 6.54075813293457, "_step": 200, "test_loss": 1.3402632474899292, "test_accuracy": 0.752, "_wandb": {"runtime": 5}}