{"training_loss": 0.2102072387933731, "training_accuracy": 0.95, "validation_loss": 1.3733882904052734, "validation_accuracy": 0.698, "epoch": 200, "_timestamp": 1687295990.204994, "_runtime": 5.723275899887085, "_step": 200, "test_loss": 1.1445226669311523, "test_accuracy": 0.732, "_wandb": {"runtime": 5}}