{"training_loss": 0.11724422872066498, "training_accuracy": 0.9714285714285714, "validation_loss": 2.550869941711426, "validation_accuracy": 0.698, "epoch": 200, "_timestamp": 1687295921.8154671, "_runtime": 7.8134541511535645, "_step": 200, "test_loss": 2.1074442863464355, "test_accuracy": 0.714, "_wandb": {"runtime": 7}}