{"training_loss": 0.17937196791172028, "training_accuracy": 0.95, "validation_loss": 1.423496127128601, "validation_accuracy": 0.746, "epoch": 200, "_timestamp": 1687314827.0915751, "_runtime": 5.408199071884155, "_step": 200, "test_loss": 1.3009588718414307, "test_accuracy": 0.728, "_wandb": {"runtime": 4}}