{"training_loss": 0.19192588329315186, "training_accuracy": 0.9714285714285714, "validation_loss": 1.0040974617004395, "validation_accuracy": 0.654, "epoch": 200, "_timestamp": 1687318122.058471, "_runtime": 6.029597043991089, "_step": 200, "test_loss": 0.9453460574150085, "test_accuracy": 0.691, "_wandb": {"runtime": 5}}