{"training_loss": 0.1123669221997261, "training_accuracy": 0.9785714285714285, "validation_loss": 0.8853934407234192, "validation_accuracy": 0.754, "epoch": 200, "_timestamp": 1687313162.1510952, "_runtime": 6.854643106460571, "_step": 200, "test_loss": 0.7874723076820374, "test_accuracy": 0.764, "_wandb": {"runtime": 6}}