{"training_loss": 0.5984262824058533, "training_accuracy": 0.8428571428571429, "validation_loss": 1.176222324371338, "validation_accuracy": 0.654, "epoch": 200, "_timestamp": 1687309234.66713, "_runtime": 6.46262001991272, "_step": 200, "test_loss": 1.0711729526519775, "test_accuracy": 0.694, "_wandb": {"runtime": 5}}