{"training_loss": 0.10305575281381607, "training_accuracy": 0.9928571428571429, "validation_loss": 0.9958615899085999, "validation_accuracy": 0.748, "epoch": 200, "_timestamp": 1687320047.371375, "_runtime": 6.495675086975098, "_step": 200, "test_loss": 0.987210750579834, "test_accuracy": 0.755, "_wandb": {"runtime": 5}}