{"training_loss": 0.19712130725383759, "training_accuracy": 0.9714285714285714, "validation_loss": 0.8921293020248413, "validation_accuracy": 0.71, "epoch": 200, "_timestamp": 1687311828.07217, "_runtime": 5.821761131286621, "_step": 200, "test_loss": 0.7627248764038086, "test_accuracy": 0.766, "_wandb": {"runtime": 5}}