{"training_loss": 0.25626030564308167, "training_accuracy": 0.95, "validation_loss": 1.0294678211212158, "validation_accuracy": 0.674, "epoch": 200, "_timestamp": 1687317012.504061, "_runtime": 5.4268128871917725, "_step": 200, "test_loss": 0.9569306373596191, "test_accuracy": 0.718, "_wandb": {"runtime": 4}}