{"training_loss": 0.43221160769462585, "training_accuracy": 0.8857142857142857, "validation_loss": 1.2822223901748657, "validation_accuracy": 0.626, "epoch": 200, "_timestamp": 1687311193.9418108, "_runtime": 4.777934789657593, "_step": 200, "test_loss": 1.1978034973144531, "test_accuracy": 0.685, "_wandb": {"runtime": 4}}