{"training_loss": 0.030430320650339127, "training_accuracy": 0.9928571428571429, "validation_loss": 1.1101957559585571, "validation_accuracy": 0.734, "epoch": 200, "_timestamp": 1687313595.102255, "_runtime": 8.547157049179077, "_step": 200, "test_loss": 1.0051023960113525, "test_accuracy": 0.752, "_wandb": {"runtime": 7}}