{"training_loss": 0.26592543721199036, "training_accuracy": 0.9357142857142857, "validation_loss": 0.9680650234222412, "validation_accuracy": 0.698, "epoch": 200, "_timestamp": 1687310738.320123, "_runtime": 3.999958038330078, "_step": 200, "test_loss": 0.8638500571250916, "test_accuracy": 0.718, "_wandb": {"runtime": 3}}