{"training_loss": 0.11683785915374756, "training_accuracy": 0.9642857142857143, "validation_loss": 1.512488842010498, "validation_accuracy": 0.75, "epoch": 200, "_timestamp": 1687317177.370356, "_runtime": 10.38243818283081, "_step": 200, "test_loss": 1.20871102809906, "test_accuracy": 0.76, "_wandb": {"runtime": 9}}