{"training_loss": 1.0427049398422241, "training_accuracy": 0.8428571428571429, "validation_loss": 1.4174662828445435, "validation_accuracy": 0.66, "epoch": 200, "_timestamp": 1687309019.721337, "_runtime": 4.5488440990448, "_step": 200, "test_loss": 1.3953397274017334, "test_accuracy": 0.647, "_wandb": {"runtime": 4}}