{"training_loss": 0.8612229824066162, "training_accuracy": 0.7357142857142858, "validation_loss": 1.2354546785354614, "validation_accuracy": 0.548, "epoch": 200, "_timestamp": 1687317492.038656, "_runtime": 5.1745240688323975, "_step": 200, "test_loss": 1.201385498046875, "test_accuracy": 0.557, "_wandb": {"runtime": 4}}