{"training_loss": 0.09884939342737198, "training_accuracy": 0.9714285714285714, "validation_loss": 1.34285569190979, "validation_accuracy": 0.716, "epoch": 200, "_timestamp": 1687295743.1910112, "_runtime": 5.945143222808838, "_step": 200, "test_loss": 1.0968611240386963, "test_accuracy": 0.751, "_wandb": {"runtime": 5}}