{"training_loss": 0.18095514178276062, "training_accuracy": 0.9642857142857143, "validation_loss": 1.0643278360366821, "validation_accuracy": 0.734, "epoch": 200, "_timestamp": 1687313750.658119, "_runtime": 4.913456916809082, "_step": 200, "test_loss": 0.8844975829124451, "test_accuracy": 0.764, "_wandb": {"runtime": 4}}