{"training_loss": 0.3846486806869507, "training_accuracy": 0.9, "validation_loss": 1.143500804901123, "validation_accuracy": 0.71, "epoch": 200, "_timestamp": 1687297797.1383328, "_runtime": 6.693724870681763, "_step": 200, "test_loss": 0.9671911597251892, "test_accuracy": 0.751, "_wandb": {"runtime": 6}}