{"training_loss": 0.10144398361444473, "training_accuracy": 0.9785714285714285, "validation_loss": 0.8193657398223877, "validation_accuracy": 0.748, "epoch": 200, "_timestamp": 1687316893.7039292, "_runtime": 7.645542144775391, "_step": 200, "test_loss": 0.7773659825325012, "test_accuracy": 0.747, "_wandb": {"runtime": 7}}