{"training_loss": 0.10617071390151978, "training_accuracy": 0.9785714285714285, "validation_loss": 1.0570883750915527, "validation_accuracy": 0.708, "epoch": 200, "_timestamp": 1687295817.106715, "_runtime": 4.853743076324463, "_step": 200, "test_loss": 0.8998233675956726, "test_accuracy": 0.731, "_wandb": {"runtime": 4}}