{"training_loss": 0.04114339128136635, "training_accuracy": 0.9928571428571429, "validation_loss": 1.9441142082214355, "validation_accuracy": 0.71, "epoch": 200, "_timestamp": 1687317926.921727, "_runtime": 9.326926946640015, "_step": 200, "test_loss": 1.6133590936660767, "test_accuracy": 0.716, "_wandb": {"runtime": 8}}