{"training_loss": 0.42511889338493347, "training_accuracy": 0.8357142857142857, "validation_loss": 1.3788284063339233, "validation_accuracy": 0.728, "epoch": 200, "_timestamp": 1687308652.594065, "_runtime": 7.811537981033325, "_step": 200, "test_loss": 1.1550800800323486, "test_accuracy": 0.736, "_wandb": {"runtime": 7}}