{"training_loss": 0.28697633743286133, "training_accuracy": 0.9071428571428571, "validation_loss": 1.2706583738327026, "validation_accuracy": 0.678, "epoch": 200, "_timestamp": 1687308411.492692, "_runtime": 5.352041006088257, "_step": 200, "test_loss": 1.156921148300171, "test_accuracy": 0.698, "_wandb": {"runtime": 4}}