{"training_loss": 0.0229583028703928, "training_accuracy": 1.0, "validation_loss": 1.4088008403778076, "validation_accuracy": 0.74, "epoch": 200, "_timestamp": 1687318042.422167, "_runtime": 9.065583944320679, "_step": 200, "test_loss": 1.206001877784729, "test_accuracy": 0.77, "_wandb": {"runtime": 8}}