{"training_loss": 0.07957105338573456, "training_accuracy": 0.9857142857142858, "validation_loss": 1.2641233205795288, "validation_accuracy": 0.712, "epoch": 200, "_timestamp": 1687318153.745621, "_runtime": 6.700993061065674, "_step": 200, "test_loss": 1.1092084646224976, "test_accuracy": 0.752, "_wandb": {"runtime": 6}}