{"training_loss": 0.20252011716365814, "training_accuracy": 0.9428571428571428, "validation_loss": 1.3354251384735107, "validation_accuracy": 0.698, "epoch": 200, "_timestamp": 1687317477.324519, "_runtime": 9.58716893196106, "_step": 200, "test_loss": 1.1501266956329346, "test_accuracy": 0.724, "_wandb": {"runtime": 9}}