{"training_loss": 0.11955751478672028, "training_accuracy": 0.9714285714285714, "validation_loss": 0.9462635517120361, "validation_accuracy": 0.74, "epoch": 200, "_timestamp": 1687309279.946283, "_runtime": 5.078297138214111, "_step": 200, "test_loss": 0.8421398997306824, "test_accuracy": 0.749, "_wandb": {"runtime": 4}}