{"training_loss": 1.0634254217147827, "training_accuracy": 0.5928571428571429, "validation_loss": 1.3282474279403687, "validation_accuracy": 0.53, "epoch": 200, "_timestamp": 1687298519.877564, "_runtime": 5.252738952636719, "_step": 200, "test_loss": 1.2969051599502563, "test_accuracy": 0.567, "_wandb": {"runtime": 4}}