{"training_loss": 0.04146562144160271, "training_accuracy": 1.0, "validation_loss": 1.164504885673523, "validation_accuracy": 0.754, "epoch": 200, "_timestamp": 1687311154.9500558, "_runtime": 6.77497673034668, "_step": 200, "test_loss": 1.011522650718689, "test_accuracy": 0.766, "_wandb": {"runtime": 6}}