{"training_loss": 0.016832301393151283, "training_accuracy": 1.0, "validation_loss": 1.035056471824646, "validation_accuracy": 0.762, "epoch": 200, "_timestamp": 1687317113.209834, "_runtime": 7.2229390144348145, "_step": 200, "test_loss": 0.8871772885322571, "test_accuracy": 0.785, "_wandb": {"runtime": 6}}