{"training_loss": 0.29108795523643494, "training_accuracy": 0.9428571428571428, "validation_loss": 0.9827682375907898, "validation_accuracy": 0.712, "epoch": 200, "_timestamp": 1687296500.3069382, "_runtime": 7.9802141189575195, "_step": 200, "test_loss": 0.9051330089569092, "test_accuracy": 0.749, "_wandb": {"runtime": 7}}