{"training_loss": 0.07870084047317505, "training_accuracy": 0.9928571428571429, "validation_loss": 0.8183794021606445, "validation_accuracy": 0.766, "epoch": 200, "_timestamp": 1687317443.144827, "_runtime": 6.421892881393433, "_step": 200, "test_loss": 0.7501002550125122, "test_accuracy": 0.773, "_wandb": {"runtime": 5}}