{"training_loss": 0.06408846378326416, "training_accuracy": 0.9928571428571429, "validation_loss": 2.2028675079345703, "validation_accuracy": 0.706, "epoch": 200, "_timestamp": 1687311591.54353, "_runtime": 7.042387008666992, "_step": 200, "test_loss": 1.7333177328109741, "test_accuracy": 0.72, "_wandb": {"runtime": 6}}