{"training_loss": 0.12423145771026611, "training_accuracy": 0.9857142857142858, "validation_loss": 1.342260718345642, "validation_accuracy": 0.716, "epoch": 200, "_timestamp": 1687311215.707337, "_runtime": 6.345062971115112, "_step": 200, "test_loss": 1.1683483123779297, "test_accuracy": 0.734, "_wandb": {"runtime": 5}}