{"training_loss": 0.3968275785446167, "training_accuracy": 0.8785714285714286, "validation_loss": 0.9722499251365662, "validation_accuracy": 0.684, "epoch": 200, "_timestamp": 1687309533.7282848, "_runtime": 4.4218268394470215, "_step": 200, "test_loss": 0.9641343951225281, "test_accuracy": 0.698, "_wandb": {"runtime": 3}}