{"training_loss": 0.06651239842176437, "training_accuracy": 0.9928571428571429, "validation_loss": 1.2327990531921387, "validation_accuracy": 0.726, "epoch": 200, "_timestamp": 1687319032.0847402, "_runtime": 6.065262079238892, "_step": 200, "test_loss": 0.9956470131874084, "test_accuracy": 0.75, "_wandb": {"runtime": 5}}