{"training_loss": 0.19963809847831726, "training_accuracy": 0.9642857142857143, "validation_loss": 0.9478270411491394, "validation_accuracy": 0.708, "epoch": 200, "_timestamp": 1687317736.11632, "_runtime": 4.511590003967285, "_step": 200, "test_loss": 0.860074520111084, "test_accuracy": 0.747, "_wandb": {"runtime": 3}}