{"training_loss": 0.2654231786727905, "training_accuracy": 0.9357142857142857, "validation_loss": 1.0499175786972046, "validation_accuracy": 0.678, "epoch": 200, "_timestamp": 1687312046.502144, "_runtime": 4.640677213668823, "_step": 200, "test_loss": 0.9499662518501282, "test_accuracy": 0.7, "_wandb": {"runtime": 4}}