{"training_loss": 0.06778232008218765, "training_accuracy": 0.9785714285714285, "validation_loss": 1.3393727540969849, "validation_accuracy": 0.736, "epoch": 200, "_timestamp": 1687297120.1664488, "_runtime": 7.644623756408691, "_step": 200, "test_loss": 1.157779335975647, "test_accuracy": 0.747, "_wandb": {"runtime": 7}}