{"training_loss": 0.08199932426214218, "training_accuracy": 0.9785714285714285, "validation_loss": 1.295411229133606, "validation_accuracy": 0.734, "epoch": 200, "_timestamp": 1687295068.230054, "_runtime": 6.400194883346558, "_step": 200, "test_loss": 1.093906044960022, "test_accuracy": 0.75, "_wandb": {"runtime": 6}}