{"training_loss": 0.061206720769405365, "training_accuracy": 1.0, "validation_loss": 0.8227917551994324, "validation_accuracy": 0.762, "epoch": 200, "_timestamp": 1687311890.065792, "_runtime": 5.274566173553467, "_step": 200, "test_loss": 0.7632565498352051, "test_accuracy": 0.771, "_wandb": {"runtime": 4}}