{"training_loss": 0.18770353496074677, "training_accuracy": 0.9714285714285714, "validation_loss": 0.9822664260864258, "validation_accuracy": 0.756, "epoch": 200, "_timestamp": 1687298069.620218, "_runtime": 6.288056135177612, "_step": 200, "test_loss": 0.8898167610168457, "test_accuracy": 0.76, "_wandb": {"runtime": 5}}