{"training_loss": 1.4663423299789429, "training_accuracy": 0.42857142857142855, "validation_loss": 1.5422396659851074, "validation_accuracy": 0.55, "epoch": 200, "_timestamp": 1687307949.906256, "_runtime": 4.069942951202393, "_step": 200, "test_loss": 1.5250401496887207, "test_accuracy": 0.572, "_wandb": {"runtime": 3}}