{"training_loss": 0.12290129065513611, "training_accuracy": 0.9571428571428572, "validation_loss": 1.0250616073608398, "validation_accuracy": 0.744, "epoch": 200, "_timestamp": 1687319167.068704, "_runtime": 6.190733909606934, "_step": 200, "test_loss": 0.9596114754676819, "test_accuracy": 0.728, "_wandb": {"runtime": 5}}