{"training_loss": 0.1578611135482788, "training_accuracy": 0.9642857142857143, "validation_loss": 0.7672217488288879, "validation_accuracy": 0.756, "epoch": 200, "_timestamp": 1687309522.4825659, "_runtime": 4.698479890823364, "_step": 200, "test_loss": 0.7411214709281921, "test_accuracy": 0.783, "_wandb": {"runtime": 4}}