{"training_loss": 0.07455252856016159, "training_accuracy": 0.9928571428571429, "validation_loss": 0.8785682320594788, "validation_accuracy": 0.754, "epoch": 200, "_timestamp": 1687315839.428033, "_runtime": 6.5074310302734375, "_step": 200, "test_loss": 0.7866259217262268, "test_accuracy": 0.777, "_wandb": {"runtime": 5}}