{"training_loss": 0.29059091210365295, "training_accuracy": 0.9, "validation_loss": 1.0134385824203491, "validation_accuracy": 0.758, "epoch": 200, "_timestamp": 1687309315.4432, "_runtime": 4.958317995071411, "_step": 200, "test_loss": 0.933236837387085, "test_accuracy": 0.757, "_wandb": {"runtime": 4}}