{"training_loss": 0.10221341997385025, "training_accuracy": 0.9857142857142858, "validation_loss": 1.441588282585144, "validation_accuracy": 0.704, "epoch": 200, "_timestamp": 1687312443.7894459, "_runtime": 6.639883995056152, "_step": 200, "test_loss": 1.2216428518295288, "test_accuracy": 0.751, "_wandb": {"runtime": 6}}