{"training_loss": 0.16071683168411255, "training_accuracy": 0.9714285714285714, "validation_loss": 1.4706065654754639, "validation_accuracy": 0.738, "epoch": 200, "_timestamp": 1687298445.4926121, "_runtime": 7.23265814781189, "_step": 200, "test_loss": 1.2215073108673096, "test_accuracy": 0.744, "_wandb": {"runtime": 6}}