{"training_loss": 0.33043530583381653, "training_accuracy": 0.9214285714285714, "validation_loss": 0.8941426873207092, "validation_accuracy": 0.716, "epoch": 200, "_timestamp": 1687296775.589859, "_runtime": 5.129386901855469, "_step": 200, "test_loss": 0.8448330760002136, "test_accuracy": 0.727, "_wandb": {"runtime": 4}}