{"training_loss": 0.16433824598789215, "training_accuracy": 0.95, "validation_loss": 1.1356443166732788, "validation_accuracy": 0.736, "epoch": 200, "_timestamp": 1687296980.412027, "_runtime": 6.400413990020752, "_step": 200, "test_loss": 0.9918888807296753, "test_accuracy": 0.76, "_wandb": {"runtime": 6}}