{"training_loss": 0.1726626455783844, "training_accuracy": 0.9642857142857143, "validation_loss": 2.3093912601470947, "validation_accuracy": 0.666, "epoch": 200, "_timestamp": 1687296844.082579, "_runtime": 7.193866968154907, "_step": 200, "test_loss": 1.947300910949707, "test_accuracy": 0.703, "_wandb": {"runtime": 6}}