{"training_loss": 0.7979409098625183, "training_accuracy": 0.6, "validation_loss": 2.0571115016937256, "validation_accuracy": 0.406, "epoch": 200, "_timestamp": 1687308577.764032, "_runtime": 5.65057897567749, "_step": 200, "test_loss": 1.8027092218399048, "test_accuracy": 0.411, "_wandb": {"runtime": 5}}