{"training_loss": 0.04726875573396683, "training_accuracy": 0.9928571428571429, "validation_loss": 0.9458246827125549, "validation_accuracy": 0.714, "epoch": 200, "_timestamp": 1687313621.9656289, "_runtime": 10.483715772628784, "_step": 200, "test_loss": 0.8155472278594971, "test_accuracy": 0.755, "_wandb": {"runtime": 9}}