{"training_loss": 0.019595280289649963, "training_accuracy": 1.0, "validation_loss": 0.9523740410804749, "validation_accuracy": 0.778, "epoch": 200, "_timestamp": 1687313946.2143638, "_runtime": 9.829060792922974, "_step": 200, "test_loss": 0.9209703803062439, "test_accuracy": 0.776, "_wandb": {"runtime": 9}}