{"training_loss": 0.2814428210258484, "training_accuracy": 0.9214285714285714, "validation_loss": 1.2890863418579102, "validation_accuracy": 0.732, "epoch": 200, "_timestamp": 1687295161.53234, "_runtime": 6.391610145568848, "_step": 200, "test_loss": 1.3137844800949097, "test_accuracy": 0.71, "_wandb": {"runtime": 6}}