{"training_loss": 1.885495662689209, "training_accuracy": 0.29285714285714287, "validation_loss": 1.929689884185791, "validation_accuracy": 0.254, "epoch": 200, "_timestamp": 1687310881.732223, "_runtime": 5.851249933242798, "_step": 200, "test_loss": 1.9311392307281494, "test_accuracy": 0.263, "_wandb": {"runtime": 5}}