{"training_loss": 0.06666802614927292, "training_accuracy": 1.0, "validation_loss": 1.1930172443389893, "validation_accuracy": 0.722, "epoch": 200, "_timestamp": 1687310587.479558, "_runtime": 4.328003883361816, "_step": 200, "test_loss": 1.0863633155822754, "test_accuracy": 0.734, "_wandb": {"runtime": 3}}