{"training_loss": 0.03605380654335022, "training_accuracy": 1.0, "validation_loss": 1.1542161703109741, "validation_accuracy": 0.754, "epoch": 200, "_timestamp": 1687312017.235838, "_runtime": 6.804790019989014, "_step": 200, "test_loss": 0.961634635925293, "test_accuracy": 0.783, "_wandb": {"runtime": 6}}