{"training_loss": 0.08111655712127686, "training_accuracy": 0.9857142857142858, "validation_loss": 1.0575166940689087, "validation_accuracy": 0.736, "epoch": 200, "_timestamp": 1687312894.855647, "_runtime": 6.632623195648193, "_step": 200, "test_loss": 0.9499883651733398, "test_accuracy": 0.759, "_wandb": {"runtime": 6}}