{"training_loss": 0.09555409848690033, "training_accuracy": 0.95, "validation_loss": 1.8152896165847778, "validation_accuracy": 0.714, "epoch": 200, "_timestamp": 1687311104.7181911, "_runtime": 9.76138710975647, "_step": 200, "test_loss": 1.4790804386138916, "test_accuracy": 0.734, "_wandb": {"runtime": 9}}