{"training_loss": 0.030822331085801125, "training_accuracy": 1.0, "validation_loss": 0.8973090052604675, "validation_accuracy": 0.762, "epoch": 200, "_timestamp": 1687319105.61446, "_runtime": 6.395989894866943, "_step": 200, "test_loss": 0.7801290154457092, "test_accuracy": 0.777, "_wandb": {"runtime": 5}}