{"training_loss": 0.8736866116523743, "training_accuracy": 0.7285714285714285, "validation_loss": 1.2803089618682861, "validation_accuracy": 0.61, "epoch": 200, "_timestamp": 1687307906.8843992, "_runtime": 6.5731682777404785, "_step": 200, "test_loss": 1.2754104137420654, "test_accuracy": 0.616, "_wandb": {"runtime": 5}}