{"training_loss": 0.40441274642944336, "training_accuracy": 0.8642857142857143, "validation_loss": 2.3872807025909424, "validation_accuracy": 0.574, "epoch": 200, "_timestamp": 1687308220.143414, "_runtime": 6.73073410987854, "_step": 200, "test_loss": 1.881185531616211, "test_accuracy": 0.603, "_wandb": {"runtime": 5}}