{"training_loss": 0.5167782306671143, "training_accuracy": 0.95, "validation_loss": 1.1985992193222046, "validation_accuracy": 0.71, "epoch": 200, "_timestamp": 1687319353.640131, "_runtime": 7.109045028686523, "_step": 200, "test_loss": 1.1865743398666382, "test_accuracy": 0.71, "_wandb": {"runtime": 6}}