{"training_loss": 0.3309124708175659, "training_accuracy": 0.95, "validation_loss": 1.0447381734848022, "validation_accuracy": 0.702, "epoch": 200, "_timestamp": 1687297095.574711, "_runtime": 3.9376561641693115, "_step": 200, "test_loss": 0.9964110255241394, "test_accuracy": 0.7, "_wandb": {"runtime": 3}}