{"training_loss": 0.0903315469622612, "training_accuracy": 0.9785714285714285, "validation_loss": 1.0674419403076172, "validation_accuracy": 0.732, "epoch": 200, "_timestamp": 1687313675.232044, "_runtime": 7.174696922302246, "_step": 200, "test_loss": 1.0291409492492676, "test_accuracy": 0.741, "_wandb": {"runtime": 6}}