{"training_loss": 0.5438168048858643, "training_accuracy": 0.8857142857142857, "validation_loss": 1.2093052864074707, "validation_accuracy": 0.644, "epoch": 200, "_timestamp": 1687316736.584254, "_runtime": 5.342036008834839, "_step": 200, "test_loss": 1.1466355323791504, "test_accuracy": 0.665, "_wandb": {"runtime": 4}}