{"training_loss": 0.07865028083324432, "training_accuracy": 0.9928571428571429, "validation_loss": 1.092067003250122, "validation_accuracy": 0.712, "epoch": 200, "_timestamp": 1687312430.010737, "_runtime": 3.826237916946411, "_step": 200, "test_loss": 0.9600599408149719, "test_accuracy": 0.717, "_wandb": {"runtime": 3}}