{"training_loss": 0.4044697880744934, "training_accuracy": 0.9642857142857143, "validation_loss": 1.3721743822097778, "validation_accuracy": 0.586, "epoch": 200, "_timestamp": 1687313358.4355469, "_runtime": 5.85470175743103, "_step": 200, "test_loss": 1.3266710042953491, "test_accuracy": 0.596, "_wandb": {"runtime": 5}}