{"training_loss": 0.1282891184091568, "training_accuracy": 0.9928571428571429, "validation_loss": 0.8757208585739136, "validation_accuracy": 0.744, "epoch": 200, "_timestamp": 1687311141.42154, "_runtime": 4.426612138748169, "_step": 200, "test_loss": 0.8711437582969666, "test_accuracy": 0.749, "_wandb": {"runtime": 3}}