{"training_loss": 0.051865242421627045, "training_accuracy": 0.9928571428571429, "validation_loss": 0.780632734298706, "validation_accuracy": 0.762, "epoch": 200, "_timestamp": 1687312673.476877, "_runtime": 7.015155076980591, "_step": 200, "test_loss": 0.7411713004112244, "test_accuracy": 0.792, "_wandb": {"runtime": 6}}