{"training_loss": 0.700450599193573, "training_accuracy": 0.9714285714285714, "validation_loss": 1.5155454874038696, "validation_accuracy": 0.608, "epoch": 200, "_timestamp": 1687314770.431099, "_runtime": 5.553727865219116, "_step": 200, "test_loss": 1.4910061359405518, "test_accuracy": 0.637, "_wandb": {"runtime": 4}}