{"training_loss": 0.14371204376220703, "training_accuracy": 0.9785714285714285, "validation_loss": 1.580163836479187, "validation_accuracy": 0.704, "epoch": 200, "_timestamp": 1687312104.2640471, "_runtime": 5.695183038711548, "_step": 200, "test_loss": 1.3557358980178833, "test_accuracy": 0.737, "_wandb": {"runtime": 5}}