{"training_loss": 0.1568184643983841, "training_accuracy": 0.9857142857142858, "validation_loss": 0.9222825765609741, "validation_accuracy": 0.73, "epoch": 200, "_timestamp": 1687319181.744989, "_runtime": 5.706202983856201, "_step": 200, "test_loss": 0.8184069991111755, "test_accuracy": 0.743, "_wandb": {"runtime": 5}}