{"training_loss": 0.22894658148288727, "training_accuracy": 0.9285714285714286, "validation_loss": 1.0894607305526733, "validation_accuracy": 0.694, "epoch": 199, "_timestamp": 1687294969.3414762, "_runtime": 3.1211862564086914, "_step": 200, "test_loss": 1.1692742109298706, "test_accuracy": 0.694, "_wandb": {"runtime": 2}}