{"training_loss": 0.9633853435516357, "training_accuracy": 0.5642857142857143, "validation_loss": 1.2141869068145752, "validation_accuracy": 0.44, "epoch": 200, "_timestamp": 1687297041.108489, "_runtime": 5.949259996414185, "_step": 200, "test_loss": 1.2304987907409668, "test_accuracy": 0.443, "_wandb": {"runtime": 5}}