{"training_loss": 0.1870650053024292, "training_accuracy": 0.9285714285714286, "validation_loss": 1.1953668594360352, "validation_accuracy": 0.708, "epoch": 200, "_timestamp": 1687298838.547725, "_runtime": 4.016234874725342, "_step": 200, "test_loss": 1.110921025276184, "test_accuracy": 0.733, "_wandb": {"runtime": 3}}