{"training_loss": 0.0630413293838501, "training_accuracy": 0.9857142857142858, "validation_loss": 0.8678123950958252, "validation_accuracy": 0.736, "epoch": 200, "_timestamp": 1687316438.2350311, "_runtime": 5.787989139556885, "_step": 200, "test_loss": 0.8122318387031555, "test_accuracy": 0.757, "_wandb": {"runtime": 5}}