{"training_loss": 0.29650944471359253, "training_accuracy": 0.9071428571428571, "validation_loss": 1.8891003131866455, "validation_accuracy": 0.634, "epoch": 200, "_timestamp": 1687307938.950699, "_runtime": 3.6742851734161377, "_step": 200, "test_loss": 1.7934823036193848, "test_accuracy": 0.667, "_wandb": {"runtime": 3}}