{"training_loss": 0.04615308716893196, "training_accuracy": 0.9928571428571429, "validation_loss": 1.2849940061569214, "validation_accuracy": 0.75, "epoch": 200, "_timestamp": 1687297365.54896, "_runtime": 5.448620080947876, "_step": 200, "test_loss": 1.1227115392684937, "test_accuracy": 0.776, "_wandb": {"runtime": 5}}