{"training_loss": 0.2827202081680298, "training_accuracy": 0.9428571428571428, "validation_loss": 1.021103024482727, "validation_accuracy": 0.722, "epoch": 200, "_timestamp": 1687314535.246956, "_runtime": 6.908950090408325, "_step": 200, "test_loss": 0.8782855868339539, "test_accuracy": 0.748, "_wandb": {"runtime": 6}}