{"training_loss": 0.33250200748443604, "training_accuracy": 0.8857142857142857, "validation_loss": 2.0163567066192627, "validation_accuracy": 0.718, "epoch": 200, "_timestamp": 1687296818.269938, "_runtime": 6.681823015213013, "_step": 200, "test_loss": 1.8000437021255493, "test_accuracy": 0.724, "_wandb": {"runtime": 6}}