{"training_loss": 0.10229900479316711, "training_accuracy": 0.9928571428571429, "validation_loss": 0.8012921810150146, "validation_accuracy": 0.748, "epoch": 200, "_timestamp": 1687313514.2073019, "_runtime": 6.536829948425293, "_step": 200, "test_loss": 0.6977503895759583, "test_accuracy": 0.777, "_wandb": {"runtime": 5}}