{"training_loss": 0.1020025685429573, "training_accuracy": 0.9785714285714285, "validation_loss": 1.2996498346328735, "validation_accuracy": 0.726, "epoch": 200, "_timestamp": 1687309250.165531, "_runtime": 6.907902002334595, "_step": 200, "test_loss": 0.994281530380249, "test_accuracy": 0.764, "_wandb": {"runtime": 6}}