{"training_loss": 0.0896836593747139, "training_accuracy": 0.9857142857142858, "validation_loss": 1.0442672967910767, "validation_accuracy": 0.756, "epoch": 200, "_timestamp": 1687309108.816431, "_runtime": 4.884684085845947, "_step": 200, "test_loss": 0.9482569098472595, "test_accuracy": 0.754, "_wandb": {"runtime": 4}}