{"training_loss": 0.27101510763168335, "training_accuracy": 0.9357142857142857, "validation_loss": 1.7202410697937012, "validation_accuracy": 0.67, "epoch": 200, "_timestamp": 1687296001.808002, "_runtime": 5.83243203163147, "_step": 200, "test_loss": 1.8546193838119507, "test_accuracy": 0.683, "_wandb": {"runtime": 5}}