{"training_loss": 0.05151529237627983, "training_accuracy": 0.9857142857142858, "validation_loss": 0.9052961468696594, "validation_accuracy": 0.768, "epoch": 200, "_timestamp": 1687314812.938355, "_runtime": 6.418087005615234, "_step": 200, "test_loss": 0.8004793524742126, "test_accuracy": 0.779, "_wandb": {"runtime": 5}}