{"training_loss": 0.1189659908413887, "training_accuracy": 0.9857142857142858, "validation_loss": 1.208953619003296, "validation_accuracy": 0.714, "epoch": 200, "_timestamp": 1687318912.4419808, "_runtime": 4.502502918243408, "_step": 200, "test_loss": 1.191764235496521, "test_accuracy": 0.722, "_wandb": {"runtime": 3}}