{"training_loss": 0.3629615008831024, "training_accuracy": 0.8642857142857143, "validation_loss": 1.763829231262207, "validation_accuracy": 0.71, "epoch": 200, "_timestamp": 1687298241.234369, "_runtime": 4.416775941848755, "_step": 200, "test_loss": 1.2394617795944214, "test_accuracy": 0.745, "_wandb": {"runtime": 3}}