{"training_loss": 0.03862560912966728, "training_accuracy": 1.0, "validation_loss": 0.9340474009513855, "validation_accuracy": 0.688, "epoch": 200, "_timestamp": 1687311670.136958, "_runtime": 7.607637882232666, "_step": 200, "test_loss": 0.8327293992042542, "test_accuracy": 0.737, "_wandb": {"runtime": 7}}