{"training_loss": 0.16915854811668396, "training_accuracy": 0.9714285714285714, "validation_loss": 0.8454881906509399, "validation_accuracy": 0.742, "epoch": 200, "_timestamp": 1687319488.121424, "_runtime": 6.502229928970337, "_step": 200, "test_loss": 0.7855731844902039, "test_accuracy": 0.774, "_wandb": {"runtime": 5}}