{"training_loss": 0.09353653341531754, "training_accuracy": 0.9857142857142858, "validation_loss": 1.5010277032852173, "validation_accuracy": 0.74, "epoch": 200, "_timestamp": 1687295252.0980911, "_runtime": 4.870441198348999, "_step": 200, "test_loss": 1.3455071449279785, "test_accuracy": 0.724, "_wandb": {"runtime": 4}}