{"training_loss": 0.06627684831619263, "training_accuracy": 0.9928571428571429, "validation_loss": 0.8062266707420349, "validation_accuracy": 0.75, "epoch": 200, "_timestamp": 1687317877.032487, "_runtime": 6.165799856185913, "_step": 200, "test_loss": 0.7272101044654846, "test_accuracy": 0.772, "_wandb": {"runtime": 5}}