{"training_loss": 0.028028445318341255, "training_accuracy": 1.0, "validation_loss": 0.8405120372772217, "validation_accuracy": 0.778, "epoch": 200, "_timestamp": 1687315986.998494, "_runtime": 8.085314989089966, "_step": 200, "test_loss": 0.818619966506958, "test_accuracy": 0.776, "_wandb": {"runtime": 7}}