{"training_loss": 0.04678572341799736, "training_accuracy": 0.9928571428571429, "validation_loss": 0.7779543399810791, "validation_accuracy": 0.772, "epoch": 200, "_timestamp": 1687311023.427595, "_runtime": 5.995739936828613, "_step": 200, "test_loss": 0.7366350293159485, "test_accuracy": 0.764, "_wandb": {"runtime": 5}}