{"training_loss": 0.25401216745376587, "training_accuracy": 0.9214285714285714, "validation_loss": 1.0788674354553223, "validation_accuracy": 0.762, "epoch": 200, "_timestamp": 1687296201.228483, "_runtime": 5.3637919425964355, "_step": 200, "test_loss": 0.9751229882240295, "test_accuracy": 0.771, "_wandb": {"runtime": 5}}