{"training_loss": 0.1262708455324173, "training_accuracy": 0.95, "validation_loss": 1.0175042152404785, "validation_accuracy": 0.75, "epoch": 200, "_timestamp": 1687295109.4039118, "_runtime": 5.859954833984375, "_step": 200, "test_loss": 0.8541106581687927, "test_accuracy": 0.756, "_wandb": {"runtime": 5}}