{"training_loss": 0.5817738175392151, "training_accuracy": 0.9071428571428571, "validation_loss": 1.1536610126495361, "validation_accuracy": 0.672, "epoch": 200, "_timestamp": 1687320203.380506, "_runtime": 8.47829794883728, "_step": 200, "test_loss": 1.118825912475586, "test_accuracy": 0.68, "_wandb": {"runtime": 7}}