{"training_loss": 0.07387896627187729, "training_accuracy": 0.9928571428571429, "validation_loss": 0.793338418006897, "validation_accuracy": 0.78, "epoch": 200, "_timestamp": 1687316704.996045, "_runtime": 5.884302139282227, "_step": 200, "test_loss": 0.7201429605484009, "test_accuracy": 0.786, "_wandb": {"runtime": 5}}