{"training_loss": 0.23020803928375244, "training_accuracy": 0.9428571428571428, "validation_loss": 1.8702117204666138, "validation_accuracy": 0.69, "epoch": 200, "_timestamp": 1687297397.366806, "_runtime": 6.168765068054199, "_step": 200, "test_loss": 1.7665863037109375, "test_accuracy": 0.7, "_wandb": {"runtime": 5}}