{"training_loss": 0.16712920367717743, "training_accuracy": 0.9714285714285714, "validation_loss": 0.866259753704071, "validation_accuracy": 0.754, "epoch": 200, "_timestamp": 1687310676.6140978, "_runtime": 4.743919849395752, "_step": 200, "test_loss": 0.7567272186279297, "test_accuracy": 0.764, "_wandb": {"runtime": 4}}