{"training_loss": 0.09046382457017899, "training_accuracy": 0.9857142857142858, "validation_loss": 2.210630178451538, "validation_accuracy": 0.628, "epoch": 200, "_timestamp": 1687311373.890461, "_runtime": 6.147852897644043, "_step": 200, "test_loss": 2.071791172027588, "test_accuracy": 0.627, "_wandb": {"runtime": 5}}