{"training_loss": 0.12974359095096588, "training_accuracy": 0.9714285714285714, "validation_loss": 1.1652823686599731, "validation_accuracy": 0.744, "epoch": 200, "_timestamp": 1687296381.803078, "_runtime": 3.5715160369873047, "_step": 200, "test_loss": 1.1858922243118286, "test_accuracy": 0.725, "_wandb": {"runtime": 3}}