{"training_loss": 0.33468571305274963, "training_accuracy": 0.9928571428571429, "validation_loss": 1.221947193145752, "validation_accuracy": 0.682, "epoch": 200, "_timestamp": 1687316794.6565802, "_runtime": 6.277245283126831, "_step": 200, "test_loss": 1.2101479768753052, "test_accuracy": 0.668, "_wandb": {"runtime": 5}}