{"training_loss": 0.14015722274780273, "training_accuracy": 0.9571428571428572, "validation_loss": 1.586790919303894, "validation_accuracy": 0.732, "epoch": 200, "_timestamp": 1687298056.972608, "_runtime": 5.6338231563568115, "_step": 200, "test_loss": 1.3937664031982422, "test_accuracy": 0.761, "_wandb": {"runtime": 5}}