{"training_loss": 0.3288925290107727, "training_accuracy": 0.9, "validation_loss": 1.3620256185531616, "validation_accuracy": 0.634, "epoch": 200, "_timestamp": 1687296718.3529952, "_runtime": 6.231046199798584, "_step": 200, "test_loss": 1.244983196258545, "test_accuracy": 0.656, "_wandb": {"runtime": 5}}