{"training_loss": 0.06366576254367828, "training_accuracy": 0.9928571428571429, "validation_loss": 1.1693928241729736, "validation_accuracy": 0.776, "epoch": 200, "_timestamp": 1687316209.6897652, "_runtime": 5.8232581615448, "_step": 200, "test_loss": 0.9768533110618591, "test_accuracy": 0.793, "_wandb": {"runtime": 5}}