{"training_loss": 0.10940738767385483, "training_accuracy": 0.9571428571428572, "validation_loss": 1.419252872467041, "validation_accuracy": 0.71, "epoch": 200, "_timestamp": 1687295346.628747, "_runtime": 11.748815059661865, "_step": 200, "test_loss": 1.4520577192306519, "test_accuracy": 0.717, "_wandb": {"runtime": 11}}