{"training_loss": 0.22798916697502136, "training_accuracy": 0.9357142857142857, "validation_loss": 0.7843450307846069, "validation_accuracy": 0.762, "epoch": 200, "_timestamp": 1687317794.3016691, "_runtime": 5.7492592334747314, "_step": 200, "test_loss": 0.7671955823898315, "test_accuracy": 0.768, "_wandb": {"runtime": 5}}