{"training_loss": 0.6105425953865051, "training_accuracy": 0.7642857142857142, "validation_loss": 3.0559263229370117, "validation_accuracy": 0.58, "epoch": 200, "_timestamp": 1687308113.7123468, "_runtime": 5.150111675262451, "_step": 200, "test_loss": 3.3279366493225098, "test_accuracy": 0.526, "_wandb": {"runtime": 4}}