{"training_loss": 0.2112153321504593, "training_accuracy": 0.9357142857142857, "validation_loss": 1.1391874551773071, "validation_accuracy": 0.714, "epoch": 200, "_timestamp": 1687320018.8922591, "_runtime": 4.7370030879974365, "_step": 200, "test_loss": 0.964758038520813, "test_accuracy": 0.733, "_wandb": {"runtime": 4}}