{"training_loss": 0.2367054522037506, "training_accuracy": 0.95, "validation_loss": 1.1453969478607178, "validation_accuracy": 0.698, "epoch": 200, "_timestamp": 1687312118.885565, "_runtime": 5.321789026260376, "_step": 200, "test_loss": 1.4184027910232544, "test_accuracy": 0.689, "_wandb": {"runtime": 4}}