{"training_loss": 0.20722238719463348, "training_accuracy": 0.9571428571428572, "validation_loss": 1.0371233224868774, "validation_accuracy": 0.674, "epoch": 200, "_timestamp": 1687312721.8941498, "_runtime": 5.193413734436035, "_step": 200, "test_loss": 0.9856059551239014, "test_accuracy": 0.676, "_wandb": {"runtime": 4}}